<ImportExportXml version="9.2.23014.182" SolutionPackageVersion="9.2" languagecode="1033" generatedBy="CrmLive" xmlns:xsi="http://www.w3.org/2001/XMLSchema-instance">
  <SolutionManifest>
    <UniqueName>DigiTier_V1</UniqueName>
    <LocalizedNames>
      <LocalizedName description="DigiTier_V6" languagecode="1033" />
    </LocalizedNames>
    <Descriptions>
      <Description description="Upgrade of DigiTier_V5" languagecode="1033" />
    </Descriptions>
    <Version>1.6.0.1</Version>
    <Managed>0</Managed>
    <Publisher>
      <UniqueName>merckdigitier</UniqueName>
      <LocalizedNames>
        <LocalizedName description="Merck DigiTier" languagecode="1033" />
      </LocalizedNames>
      <Descriptions />
      <EMailAddress xsi:nil="true"></EMailAddress>
      <SupportingWebsiteUrl xsi:nil="true"></SupportingWebsiteUrl>
      <CustomizationPrefix>dt</CustomizationPrefix>
      <CustomizationOptionValuePrefix>20650</CustomizationOptionValuePrefix>
      <Addresses>
        <Address>
          <AddressNumber>1</AddressNumber>
          <AddressTypeCode>1</AddressTypeCode>
          <City xsi:nil="true"></City>
          <County xsi:nil="true"></County>
          <Country xsi:nil="true"></Country>
          <Fax xsi:nil="true"></Fax>
          <FreightTermsCode xsi:nil="true"></FreightTermsCode>
          <ImportSequenceNumber xsi:nil="true"></ImportSequenceNumber>
          <Latitude xsi:nil="true"></Latitude>
          <Line1 xsi:nil="true"></Line1>
          <Line2 xsi:nil="true"></Line2>
          <Line3 xsi:nil="true"></Line3>
          <Longitude xsi:nil="true"></Longitude>
          <Name xsi:nil="true"></Name>
          <PostalCode xsi:nil="true"></PostalCode>
          <PostOfficeBox xsi:nil="true"></PostOfficeBox>
          <PrimaryContactName xsi:nil="true"></PrimaryContactName>
          <ShippingMethodCode>1</ShippingMethodCode>
          <StateOrProvince xsi:nil="true"></StateOrProvince>
          <Telephone1 xsi:nil="true"></Telephone1>
          <Telephone2 xsi:nil="true"></Telephone2>
          <Telephone3 xsi:nil="true"></Telephone3>
          <TimeZoneRuleVersionNumber xsi:nil="true"></TimeZoneRuleVersionNumber>
          <UPSZone xsi:nil="true"></UPSZone>
          <UTCOffset xsi:nil="true"></UTCOffset>
          <UTCConversionTimeZoneCode xsi:nil="true"></UTCConversionTimeZoneCode>
        </Address>
        <Address>
          <AddressNumber>2</AddressNumber>
          <AddressTypeCode>1</AddressTypeCode>
          <City xsi:nil="true"></City>
          <County xsi:nil="true"></County>
          <Country xsi:nil="true"></Country>
          <Fax xsi:nil="true"></Fax>
          <FreightTermsCode xsi:nil="true"></FreightTermsCode>
          <ImportSequenceNumber xsi:nil="true"></ImportSequenceNumber>
          <Latitude xsi:nil="true"></Latitude>
          <Line1 xsi:nil="true"></Line1>
          <Line2 xsi:nil="true"></Line2>
          <Line3 xsi:nil="true"></Line3>
          <Longitude xsi:nil="true"></Longitude>
          <Name xsi:nil="true"></Name>
          <PostalCode xsi:nil="true"></PostalCode>
          <PostOfficeBox xsi:nil="true"></PostOfficeBox>
          <PrimaryContactName xsi:nil="true"></PrimaryContactName>
          <ShippingMethodCode>1</ShippingMethodCode>
          <StateOrProvince xsi:nil="true"></StateOrProvince>
          <Telephone1 xsi:nil="true"></Telephone1>
          <Telephone2 xsi:nil="true"></Telephone2>
          <Telephone3 xsi:nil="true"></Telephone3>
          <TimeZoneRuleVersionNumber xsi:nil="true"></TimeZoneRuleVersionNumber>
          <UPSZone xsi:nil="true"></UPSZone>
          <UTCOffset xsi:nil="true"></UTCOffset>
          <UTCConversionTimeZoneCode xsi:nil="true"></UTCConversionTimeZoneCode>
        </Address>
      </Addresses>
    </Publisher>
    <RootComponents>
      <RootComponent type="1" schemaName="businessunit" behavior="1" />
      <RootComponent type="1" schemaName="dt_analyticaldashboard" behavior="0" />
      <RootComponent type="1" schemaName="dt_changehistory" behavior="0" />
      <RootComponent type="1" schemaName="dt_commonlink" behavior="0" />
      <RootComponent type="1" schemaName="dt_configuration" behavior="0" />
      <RootComponent type="1" schemaName="dt_custombucket" behavior="0" />
      <RootComponent type="1" schemaName="dt_distributerequest" behavior="0" />
      <RootComponent type="1" schemaName="dt_replicaterequest" behavior="0" />
      <RootComponent type="1" schemaName="dt_reportlink" behavior="0" />
      <RootComponent type="1" schemaName="dt_standardkpi" behavior="0" />
      <RootComponent type="1" schemaName="dt_subclassification" behavior="0" />
      <RootComponent type="1" schemaName="dt_tieranswer" behavior="0" />
      <RootComponent type="1" schemaName="dt_tierissue" behavior="0" />
      <RootComponent type="1" schemaName="dt_tiermetricanswer" behavior="0" />
      <RootComponent type="1" schemaName="dt_tiermetricquestions" behavior="0" />
      <RootComponent type="1" schemaName="dt_tiernote" behavior="0" />
      <RootComponent type="1" schemaName="dt_tierquestion" behavior="0" />
      <RootComponent type="1" schemaName="dt_tiertask" behavior="0" />
      <RootComponent type="1" schemaName="dt_tierteammember" behavior="0" />
      <RootComponent type="1" schemaName="dt_tierwarningsetting" behavior="0" />
      <RootComponent type="1" schemaName="systemuser" behavior="1" />
      <RootComponent type="1" schemaName="team" behavior="1" />
      <RootComponent type="9" schemaName="dt_action" behavior="0" />
      <RootComponent type="9" schemaName="dt_classification" behavior="0" />
      <RootComponent type="9" schemaName="dt_colourindicator" behavior="0" />
      <RootComponent type="9" schemaName="dt_frequency" behavior="0" />
      <RootComponent type="9" schemaName="dt_gopt_answertype" behavior="0" />
      <RootComponent type="9" schemaName="dt_gopt_tierbooleanoptionset" behavior="0" />
      <RootComponent type="9" schemaName="dt_gopt_tiercategory" behavior="0" />
      <RootComponent type="9" schemaName="dt_kpiaggregationtype" behavior="0" />
      <RootComponent type="9" schemaName="dt_kpicolorindicator" behavior="0" />
      <RootComponent type="9" schemaName="dt_kpiscope" behavior="0" />
      <RootComponent type="9" schemaName="dt_kpiunits" behavior="0" />
      <RootComponent type="9" schemaName="dt_linktype" behavior="0" />
      <RootComponent type="9" schemaName="dt_priority" behavior="0" />
      <RootComponent type="9" schemaName="dt_recordtype" behavior="0" />
      <RootComponent type="9" schemaName="dt_sequencenumbercustombucket" behavior="0" />
      <RootComponent type="9" schemaName="dt_sequencenumberorder" behavior="0" />
      <RootComponent type="9" schemaName="dt_sequencenumbersubclassification" behavior="0" />
      <RootComponent type="9" schemaName="dt_sequencenumbertierquestion" behavior="0" />
      <RootComponent type="9" schemaName="dt_tierlevel" behavior="0" />
      <RootComponent type="20" id="{65cbb648-7043-ea11-a812-000d3a1abe26}" behavior="0" />
      <RootComponent type="20" id="{92de38c8-7043-ea11-a812-000d3a1abe26}" behavior="0" />
      <RootComponent type="20" id="{b68ba358-bdc1-ea11-a812-000d3a5bf119}" behavior="0" />
      <RootComponent type="29" id="{0e1272fa-26fc-ea11-a815-000d3a5c0e3c}" behavior="0" />
      <RootComponent type="29" id="{15c63df7-b267-eb11-a812-00224803fb69}" behavior="0" />
      <RootComponent type="29" id="{17595a5c-1ffc-ea11-a815-000d3a5bf119}" behavior="0" />
      <RootComponent type="29" id="{18f2ce1e-7cf3-ea11-a815-000d3a5c0e3c}" behavior="0" />
      <RootComponent type="29" id="{2cf86d07-7ff3-ea11-a815-000d3a5c0e3c}" behavior="0" />
      <RootComponent type="29" id="{326a0c3d-6f01-eb11-a813-000d3a5c0e3c}" behavior="0" />
      <RootComponent type="29" id="{39020e9a-f1ec-ea11-a817-000d3a5c0e3c}" behavior="0" />
      <RootComponent type="29" id="{3e91c26b-bfe2-ea11-a813-000d3a5c0e3c}" behavior="0" />
      <RootComponent type="29" id="{480e608b-1b78-eb11-a812-000d3a593df5}" behavior="0" />
      <RootComponent type="29" id="{4c136d02-d1ba-ea11-a812-000d3a5c0e3c}" behavior="0" />
      <RootComponent type="29" id="{577351da-fa53-eb11-a812-000d3a310f17}" behavior="0" />
      <RootComponent type="29" id="{5994f451-edd2-ea11-a812-000d3a5c0e3c}" behavior="0" />
      <RootComponent type="29" id="{5e0c4c8e-302b-eb11-a813-000d3a310f17}" behavior="0" />
      <RootComponent type="29" id="{5e386f9f-14cb-ea11-a812-000d3a5c0e3c}" behavior="0" />
      <RootComponent type="29" id="{5f97c894-f1fb-ea11-a815-000d3a5c0e3c}" behavior="0" />
      <RootComponent type="29" id="{64640400-9267-eb11-a812-00224803f5c5}" behavior="0" />
      <RootComponent type="29" id="{7102f7a2-e5c7-ea11-a812-000d3a5bf119}" behavior="0" />
      <RootComponent type="29" id="{772f2cfb-c166-eb11-a812-00224803f5c5}" behavior="0" />
      <RootComponent type="29" id="{7879fb33-5177-eb11-a812-000d3a593df5}" behavior="0" />
      <RootComponent type="29" id="{8d106a1a-1bfc-ea11-a815-000d3a5c0e3c}" behavior="0" />
      <RootComponent type="29" id="{a2a7043b-e674-eb11-a812-000d3a593348}" behavior="0" />
      <RootComponent type="29" id="{a7b44ae3-ef77-eb11-a812-000d3a593348}" behavior="0" />
      <RootComponent type="29" id="{bf9e3d96-9dfd-ea11-a815-000d3a5bf119}" behavior="0" />
      <RootComponent type="29" id="{c9a5f1f1-ccd7-ec11-a7b5-00224804d05f}" behavior="0" />
      <RootComponent type="29" id="{ca362004-aa55-eb11-a812-002248091830}" behavior="0" />
      <RootComponent type="29" id="{d0ddae30-7781-eb11-a812-000d3a31cc57}" behavior="0" />
      <RootComponent type="29" id="{db020add-7576-eb11-a812-000d3a593348}" behavior="0" />
      <RootComponent type="29" id="{e2237703-d366-eb11-a812-00224803f5c5}" behavior="0" />
      <RootComponent type="29" id="{e636c4c6-e9b9-ea11-a812-000d3a5c0e3c}" behavior="0" />
      <RootComponent type="29" id="{e80bfb35-b633-eb11-a813-000d3a5bf119}" behavior="0" />
      <RootComponent type="29" id="{eaab380b-ac80-eb11-a812-000d3a31cc57}" behavior="0" />
      <RootComponent type="29" id="{f0fd095c-2c57-eb11-a812-002248091a88}" behavior="0" />
      <RootComponent type="29" id="{f16f1609-6401-eb11-a813-000d3a5c0e3c}" behavior="0" />
      <RootComponent type="29" id="{f30d7d2d-7781-eb11-a812-000d3a31c97b}" behavior="0" />
      <RootComponent type="29" id="{f3699632-20fc-ea11-a815-000d3a5bf119}" behavior="0" />
      <RootComponent type="29" id="{f4912a3d-6301-eb11-a813-000d3a5c0e3c}" behavior="0" />
      <RootComponent type="61" schemaName="dt_commonlinksmain" behavior="0" />
      <RootComponent type="61" schemaName="dt_custombucketmain.js" behavior="0" />
      <RootComponent type="61" schemaName="dt_formreadonly.js" behavior="0" />
      <RootComponent type="61" schemaName="dt_standardkpimain.js" behavior="0" />
      <RootComponent type="61" schemaName="dt_subclassificationmain.js" behavior="0" />
      <RootComponent type="61" schemaName="dt_tiermetricquestionmain.js" behavior="0" />
      <RootComponent type="61" schemaName="dt_tierquestionmain.js" behavior="0" />
      <RootComponent type="62" schemaName="dt_DigiTierAdmin" behavior="0" />
      <RootComponent type="80" schemaName="dt_DigiTierAdmin" behavior="0" />
      <RootComponent type="300" schemaName="dt_digitier_b39dc" behavior="0" />
    </RootComponents>
    <MissingDependencies>
      <MissingDependency>
        <Required type="1" schemaName="dt_tierissuenotification" displayName="Tier Issue Notification" solution="Active" />
        <Dependent type="1" schemaName="dt_tierissue" displayName="Tier Issue" />
      </MissingDependency>
      <MissingDependency>
        <Required type="1" schemaName="msdyn_aibdataset" displayName="AI Builder Dataset" solution="msdyn_AISolutionDefaultTemplates (202301.4.31.6)">
          <package>msdyn_AISolutionAnchor (202301.4.31.6)</package>
        </Required>
        <Dependent type="300" schemaName="dt_digitier_b39dc" displayName="Intelligent Tier Boards" />
      </MissingDependency>
      <MissingDependency>
        <Required type="61" schemaName="msdyn_/Images/AppModule_Default_Icon.png" displayName="msdyn_/Images/AppModule_Default_Icon.png" solution="AppModuleWebResources (2.5)" />
        <Dependent type="80" schemaName="dt_DigiTierAdmin" displayName="Intelligent Tier Board Admin" />
      </MissingDependency>
      <MissingDependency>
        <Required type="66" schemaName="MscrmControls.FieldControls.ToggleControl" displayName="MscrmControls.FieldControls.ToggleControl" solution="BaseCustomControlsCore (9.0.2301.4012)" />
        <Dependent type="60" displayName="Team (Tier)" parentDisplayName="Team" id="{6b2c6314-10c0-411c-89be-45dadc9f3c46}" />
      </MissingDependency>
      <MissingDependency>
        <Required type="66" schemaName="MscrmControls.FlipSwitch.FlipSwitchControl" displayName="MscrmControls.FlipSwitch.FlipSwitchControl" solution="CustomControlsCore (9.2.23014.00182)" />
        <Dependent type="60" displayName="Information" parentDisplayName="Tier Reminder" id="{e5e25c47-4f67-427e-9573-5fe6914c7c41}" />
      </MissingDependency>
    </MissingDependencies>
  </SolutionManifest>
</ImportExportXml>