{
  "properties": {
    "connectionReferences": {
      "shared_commondataserviceforapps_1": {
        "runtimeSource": "embedded",
        "connection": {},
        "api": {
          "name": "shared_commondataserviceforapps"
        }
      },
      "shared_commondataserviceforapps_2": {
        "runtimeSource": "embedded",
        "connection": {},
        "api": {
          "name": "shared_commondataserviceforapps"
        }
      }
    },
    "definition": {
      "$schema": "https://schema.management.azure.com/providers/Microsoft.Logic/schemas/2016-06-01/workflowdefinition.json#",
      "contentVersion": "1.0.0.0",
      "parameters": {
        "$connections": {
          "defaultValue": {},
          "type": "Object"
        },
        "$authentication": {
          "defaultValue": {},
          "type": "SecureObject"
        }
      },
      "triggers": {
        "When_a_Team_record_is_Created": {
          "type": "OpenApiConnectionWebhook",
          "inputs": {
            "host": {
              "connectionName": "shared_commondataserviceforapps_1",
              "operationId": "SubscribeWebhookTrigger",
              "apiId": "/providers/Microsoft.PowerApps/apis/shared_commondataserviceforapps"
            },
            "parameters": {
              "subscriptionRequest/message": 1,
              "subscriptionRequest/entityname": "team",
              "subscriptionRequest/scope": 4,
              "subscriptionRequest/filterexpression": "dt_bit_istierteam eq true"
            },
            "authentication": "@parameters('$authentication')"
          }
        }
      },
      "actions": {
        "getConfigurationRecords": {
          "runAfter": {},
          "type": "OpenApiConnection",
          "inputs": {
            "host": {
              "connectionName": "shared_commondataserviceforapps_1",
              "operationId": "ListRecords",
              "apiId": "/providers/Microsoft.PowerApps/apis/shared_commondataserviceforapps"
            },
            "parameters": {
              "entityName": "dt_configurations",
              "$select": "dt_value",
              "$filter": "dt_name eq 'teammembershipapi'",
              "$top": 1
            },
            "authentication": "@parameters('$authentication')"
          }
        },
        "get_DT_Site_Leader_Role": {
          "runAfter": {
            "getConfigurationRecords": [
              "Succeeded"
            ]
          },
          "type": "OpenApiConnection",
          "inputs": {
            "host": {
              "connectionName": "shared_commondataserviceforapps_1",
              "operationId": "ListRecords",
              "apiId": "/providers/Microsoft.PowerApps/apis/shared_commondataserviceforapps"
            },
            "parameters": {
              "entityName": "roles",
              "$select": "parentroleid",
              "$filter": "name eq 'DT Site Leader' and _businessunitid_value eq '@{triggerOutputs()?['body/_businessunitid_value']}'",
              "$top": 1
            },
            "authentication": "@parameters('$authentication')"
          }
        },
        "Apply_to_each": {
          "foreach": "@outputs('get_DT_Site_Leader_Role')?['body/value']",
          "actions": {
            "Apply_to_each_2": {
              "foreach": "@outputs('get_users_with_DT_site_leader_role')?['body/value']",
              "actions": {
                "Apply_to_each_3": {
                  "foreach": "@outputs('getConfigurationRecords')?['body/value']",
                  "actions": {
                    "Adding_the_users_to_team": {
                      "runAfter": {},
                      "type": "OpenApiConnection",
                      "inputs": {
                        "host": {
                          "connectionName": "shared_commondataserviceforapps_2",
                          "operationId": "AssociateEntities",
                          "apiId": "/providers/Microsoft.PowerApps/apis/shared_commondataserviceforapps"
                        },
                        "parameters": {
                          "entityName": "teams",
                          "recordId": "@triggerOutputs()?['body/teamid']",
                          "associationEntityRelationship": "teammembership_association",
                          "item/@odata.id": "@{items('Apply_to_each_3')?['dt_value']}(@{items('Apply_to_each_2')?['systemuserid']})"
                        },
                        "authentication": "@parameters('$authentication')"
                      }
                    }
                  },
                  "runAfter": {},
                  "type": "Foreach"
                }
              },
              "runAfter": {
                "get_users_with_DT_Site_Leader_role": [
                  "Succeeded"
                ]
              },
              "type": "Foreach"
            },
            "get_users_with_DT_Site_Leader_role": {
              "runAfter": {},
              "type": "OpenApiConnection",
              "inputs": {
                "host": {
                  "connectionName": "shared_commondataserviceforapps_1",
                  "operationId": "ListRecords",
                  "apiId": "/providers/Microsoft.PowerApps/apis/shared_commondataserviceforapps"
                },
                "parameters": {
                  "entityName": "systemusers",
                  "$select": "fullname,businessunitid,title,address1_telephone1,positionid,systemuserid",
                  "fetchXml": "<fetch mapping=\"logical\" version=\"1.0\" output-format=\"xml-platform\" distinct=\"true\">\n  <entity name=\"systemuser\">\n    <attribute name=\"fullname\" />\n    <attribute name=\"businessunitid\" />\n    <attribute name=\"title\" />\n    <attribute name=\"address1_telephone1\" />\n    <attribute name=\"positionid\" />\n    <attribute name=\"systemuserid\" />\n    <order descending=\"false\" attribute=\"fullname\" />\n    <filter type=\"and\">\n      <condition attribute=\"businessunitid\" operator=\"eq\" value=\"{@{triggerOutputs()?['body/_businessunitid_value']}}\" />\n    </filter>\n    <link-entity name=\"systemuserroles\" to=\"systemuserid\" from=\"systemuserid\" intersect=\"true\" visible=\"false\">\n      <link-entity name=\"role\" to=\"roleid\" from=\"roleid\" alias=\"ab\">\n        <filter type=\"and\">\n          <condition value=\"{@{items('Apply_to_each')?['_parentroleid_value']}}\" attribute=\"parentroleid\" operator=\"eq\" />\n        </filter>\n      </link-entity>\n    </link-entity>\n  </entity>\n</fetch>"
                },
                "authentication": "@parameters('$authentication')"
              }
            }
          },
          "runAfter": {
            "get_DT_Site_Leader_Role": [
              "Succeeded"
            ]
          },
          "type": "Foreach"
        }
      },
      "outputs": {}
    },
    "templateName": null
  },
  "schemaVersion": "1.0.0.0"
}