{
  "properties": {
    "connectionReferences": {
      "shared_commondataserviceforapps_1": {
        "runtimeSource": "embedded",
        "connection": {
          "connectionReferenceLogicalName": "new_sharedcommondataserviceforapps_10915"
        },
        "api": {
          "name": "shared_commondataserviceforapps"
        }
      }
    },
    "definition": {
      "$schema": "https://schema.management.azure.com/providers/Microsoft.Logic/schemas/2016-06-01/workflowdefinition.json#",
      "contentVersion": "1.0.0.0",
      "parameters": {
        "$connections": {
          "defaultValue": {},
          "type": "Object"
        },
        "$authentication": {
          "defaultValue": {},
          "type": "SecureObject"
        }
      },
      "triggers": {
        "When_a_member_is_Added_or_Activated_or_Deactivated": {
          "metadata": {
            "operationMetadataId": "1be8af60-3429-4f70-9e8a-f1bbef62c64f"
          },
          "type": "OpenApiConnectionWebhook",
          "inputs": {
            "host": {
              "connectionName": "shared_commondataserviceforapps_1",
              "operationId": "SubscribeWebhookTrigger",
              "apiId": "/providers/Microsoft.PowerApps/apis/shared_commondataserviceforapps"
            },
            "parameters": {
              "subscriptionRequest/message": 4,
              "subscriptionRequest/entityname": "dt_tierteammember",
              "subscriptionRequest/scope": 4,
              "subscriptionRequest/filteringattributes": "statecode"
            },
            "authentication": "@parameters('$authentication')"
          }
        }
      },
      "actions": {
        "Condition_to_check_if_Status_of_Member_Active-1_0r_Inactive-0": {
          "actions": {
            "Get_Associated_Record_:_Unrelate_records": {
              "runAfter": {},
              "metadata": {
                "operationMetadataId": "e3a6ac88-5fdf-4e12-b302-6544d385612f"
              },
              "type": "OpenApiConnection",
              "inputs": {
                "host": {
                  "connectionName": "shared_commondataserviceforapps_1",
                  "operationId": "DisassociateEntities",
                  "apiId": "/providers/Microsoft.PowerApps/apis/shared_commondataserviceforapps"
                },
                "parameters": {
                  "entityName": "teams",
                  "recordId": "@triggerOutputs()?['body/_dt_lk_tier_value']",
                  "associationEntityRelationship": "teammembership_association",
                  "$id": "@triggerOutputs()?['body/_dt_lk_member_value']"
                },
                "authentication": "@parameters('$authentication')"
              }
            }
          },
          "runAfter": {
            "Get_API_URL_from_the_Configuration": [
              "Succeeded"
            ]
          },
          "else": {
            "actions": {
              "Apply_to_each": {
                "foreach": "@outputs('Get_API_URL_from_the_Configuration')?['body/value']",
                "actions": {
                  "Get_Associated_Record:_Relate_records": {
                    "runAfter": {},
                    "metadata": {
                      "operationMetadataId": "ec95e70a-4de0-4b94-af4f-56262f7b225b"
                    },
                    "type": "OpenApiConnection",
                    "inputs": {
                      "host": {
                        "connectionName": "shared_commondataserviceforapps_1",
                        "operationId": "AssociateEntities",
                        "apiId": "/providers/Microsoft.PowerApps/apis/shared_commondataserviceforapps"
                      },
                      "parameters": {
                        "entityName": "teams",
                        "recordId": "@triggerOutputs()?['body/_dt_lk_tier_value']",
                        "associationEntityRelationship": "teammembership_association",
                        "item/@odata.id": "@{items('Apply_to_each')?['dt_value']}(@{triggerOutputs()?['body/_dt_lk_member_value']})"
                      },
                      "authentication": "@parameters('$authentication')"
                    }
                  }
                },
                "runAfter": {},
                "metadata": {
                  "operationMetadataId": "798a2815-e2be-4eb5-b975-4476dbe7260b"
                },
                "type": "Foreach"
              }
            }
          },
          "expression": {
            "equals": [
              "@triggerOutputs()?['body/statecode']",
              1
            ]
          },
          "metadata": {
            "operationMetadataId": "e212af5c-c245-431e-90f3-5a4d6e9fee5c"
          },
          "type": "If"
        },
        "Initialize_the_Configuration_Key_Value": {
          "runAfter": {},
          "metadata": {
            "operationMetadataId": "5dd22149-c67e-47b3-9ebc-2ebbdf224f3e"
          },
          "type": "InitializeVariable",
          "inputs": {
            "variables": [
              {
                "name": "Config Key Value",
                "type": "string",
                "value": "teammembershipapi"
              }
            ]
          }
        },
        "Get_API_URL_from_the_Configuration": {
          "runAfter": {
            "Initialize_the_Configuration_Key_Value": [
              "Succeeded"
            ]
          },
          "metadata": {
            "operationMetadataId": "552eeb4c-80ad-4bd4-9950-f5a169bd2f76"
          },
          "type": "OpenApiConnection",
          "inputs": {
            "host": {
              "connectionName": "shared_commondataserviceforapps_1",
              "operationId": "ListRecords",
              "apiId": "/providers/Microsoft.PowerApps/apis/shared_commondataserviceforapps"
            },
            "parameters": {
              "entityName": "dt_configurations",
              "$select": "dt_value",
              "$filter": "dt_name eq '@{variables('Config Key Value')}'",
              "$top": 1
            },
            "authentication": "@parameters('$authentication')"
          }
        }
      }
    },
    "templateName": null
  },
  "schemaVersion": "1.0.0.0"
}