{
  "properties": {
    "connectionReferences": {
      "shared_commondataserviceforapps": {
        "runtimeSource": "embedded",
        "connection": {
          "connectionReferenceLogicalName": "new_sharedcommondataserviceforapps_2780c"
        },
        "api": {
          "name": "shared_commondataserviceforapps"
        }
      }
    },
    "definition": {
      "$schema": "https://schema.management.azure.com/providers/Microsoft.Logic/schemas/2016-06-01/workflowdefinition.json#",
      "contentVersion": "1.0.0.0",
      "parameters": {
        "$connections": {
          "defaultValue": {},
          "type": "Object"
        },
        "$authentication": {
          "defaultValue": {},
          "type": "SecureObject"
        }
      },
      "triggers": {
        "When_Sequence_Number_of_Tier_Question_Gets_Updated": {
          "type": "OpenApiConnectionWebhook",
          "inputs": {
            "host": {
              "connectionName": "shared_commondataserviceforapps",
              "operationId": "SubscribeWebhookTrigger",
              "apiId": "/providers/Microsoft.PowerApps/apis/shared_commondataserviceforapps"
            },
            "parameters": {
              "subscriptionRequest/message": 3,
              "subscriptionRequest/entityname": "dt_tierquestion",
              "subscriptionRequest/scope": 4,
              "subscriptionRequest/filteringattributes": "dt_sequencenumberinteger"
            },
            "authentication": "@parameters('$authentication')"
          }
        }
      },
      "actions": {
        "List_All_Related_Tier_Answer": {
          "runAfter": {},
          "type": "OpenApiConnection",
          "inputs": {
            "host": {
              "connectionName": "shared_commondataserviceforapps",
              "operationId": "ListRecords",
              "apiId": "/providers/Microsoft.PowerApps/apis/shared_commondataserviceforapps"
            },
            "parameters": {
              "entityName": "dt_tieranswers",
              "$select": "dt_sequencenumberint",
              "fetchXml": "<fetch version=\"1.0\" output-format=\"xml-platform\" mapping=\"logical\" distinct=\"false\">\n  <entity name=\"dt_tieranswer\">\n    <attribute name=\"dt_sequencenumberint\" />\n    <filter type=\"and\">\n      <condition attribute=\"dt_lk_tierquestion\" operator=\"eq\" value=\"@{triggerOutputs()?['body/dt_tierquestionid']}\" />\n      <condition attribute=\"createdon\" operator=\"last-x-days\" value=\"1\" />\n      <condition attribute=\"statecode\" operator=\"eq\" value=\"0\" />\n    </filter>\n  </entity>\n</fetch>"
            },
            "authentication": "@parameters('$authentication')"
          }
        },
        "Apply_to_each": {
          "foreach": "@outputs('List_All_Related_Tier_Answer')?['body/value']",
          "actions": {
            "Update_Related_Tier_Answer": {
              "runAfter": {},
              "type": "OpenApiConnection",
              "inputs": {
                "host": {
                  "connectionName": "shared_commondataserviceforapps",
                  "operationId": "UpdateRecord",
                  "apiId": "/providers/Microsoft.PowerApps/apis/shared_commondataserviceforapps"
                },
                "parameters": {
                  "entityName": "dt_tieranswers",
                  "recordId": "@items('Apply_to_each')?['dt_tieranswerid']",
                  "item/dt_sequencenumberint": "@triggerOutputs()?['body/dt_sequencenumberinteger']"
                },
                "authentication": "@parameters('$authentication')"
              }
            }
          },
          "runAfter": {
            "List_All_Related_Tier_Answer": [
              "Succeeded"
            ]
          },
          "type": "Foreach"
        }
      },
      "outputs": {}
    },
    "templateName": null
  },
  "schemaVersion": "1.0.0.0"
}