{
  "properties": {
    "connectionReferences": {
      "shared_commondataserviceforapps_1": {
        "runtimeSource": "embedded",
        "connection": {},
        "api": {
          "name": "shared_commondataserviceforapps"
        }
      }
    },
    "definition": {
      "$schema": "https://schema.management.azure.com/providers/Microsoft.Logic/schemas/2016-06-01/workflowdefinition.json#",
      "contentVersion": "1.0.0.0",
      "parameters": {
        "$connections": {
          "defaultValue": {},
          "type": "Object"
        },
        "$authentication": {
          "defaultValue": {},
          "type": "SecureObject"
        }
      },
      "triggers": {
        "When_a_Replicate_Request_Record_is_Created": {
          "type": "OpenApiConnectionWebhook",
          "inputs": {
            "host": {
              "connectionName": "shared_commondataserviceforapps_1",
              "operationId": "SubscribeWebhookTrigger",
              "apiId": "/providers/Microsoft.PowerApps/apis/shared_commondataserviceforapps"
            },
            "parameters": {
              "subscriptionRequest/message": 1,
              "subscriptionRequest/entityname": "dt_replicaterequest",
              "subscriptionRequest/scope": 4
            },
            "authentication": "@parameters('$authentication')"
          }
        }
      },
      "actions": {
        "List_Child_Tiers": {
          "runAfter": {
            "Parse_Record_Type": [
              "Succeeded"
            ]
          },
          "type": "OpenApiConnection",
          "inputs": {
            "host": {
              "connectionName": "shared_commondataserviceforapps_1",
              "operationId": "ListRecords",
              "apiId": "/providers/Microsoft.PowerApps/apis/shared_commondataserviceforapps"
            },
            "parameters": {
              "entityName": "teams",
              "$filter": "teamid eq  @{triggerOutputs()?['body/_dt_childtier_value']}",
              "$top": 1
            },
            "authentication": "@parameters('$authentication')"
          }
        },
        "Apply_to_each": {
          "foreach": "@outputs('List_Child_Tiers')?['body/value']",
          "actions": {
            "Apply_to_each_5": {
              "foreach": "@body('Parse_Record_Type')",
              "actions": {
                "Switch": {
                  "runAfter": {},
                  "cases": {
                    "If_Tier_Question_is_Selected": {
                      "case": "206500000",
                      "actions": {
                        "List_Tier_Question_For_Child_Tier": {
                          "runAfter": {},
                          "type": "OpenApiConnection",
                          "inputs": {
                            "host": {
                              "connectionName": "shared_commondataserviceforapps_1",
                              "operationId": "ListRecords",
                              "apiId": "/providers/Microsoft.PowerApps/apis/shared_commondataserviceforapps"
                            },
                            "parameters": {
                              "entityName": "dt_tierquestions",
                              "$select": "dt_tierquestionid",
                              "fetchXml": "<fetch version=\"1.0\" output-format=\"xml-platform\" mapping=\"logical\" distinct=\"false\">\n  <entity name=\"dt_tierquestion\">\n    <attribute name=\"dt_tierquestionid\" />\n    <filter type=\"and\">\n      <condition attribute=\"statecode\" operator=\"eq\" value=\"0\" />\n      <condition attribute=\"dt_lk_tier\" operator=\"eq\" value=\"@{triggerOutputs()?['body/_dt_childtier_value']}\" />\n    </filter>\n  </entity>\n</fetch>"
                            },
                            "authentication": "@parameters('$authentication')"
                          }
                        },
                        "Check_if_Child_Tier_Contains_Any_Tier_Question": {
                          "actions": {
                            "List_Tier_Question_having_tier_as_selected_dropdown": {
                              "runAfter": {},
                              "type": "OpenApiConnection",
                              "inputs": {
                                "host": {
                                  "connectionName": "shared_commondataserviceforapps_1",
                                  "operationId": "ListRecords",
                                  "apiId": "/providers/Microsoft.PowerApps/apis/shared_commondataserviceforapps"
                                },
                                "parameters": {
                                  "entityName": "dt_tierquestions",
                                  "$filter": "_dt_lk_tier_value eq  @{triggerOutputs()?['body/_dt_parenttier_value']}"
                                },
                                "authentication": "@parameters('$authentication')"
                              }
                            },
                            "Apply_to_each_2": {
                              "foreach": "@outputs('List_Tier_Question_having_tier_as_selected_dropdown')?['body/value']",
                              "actions": {
                                "Create_a_new_tier_question_in_child_tiers": {
                                  "runAfter": {},
                                  "type": "OpenApiConnection",
                                  "inputs": {
                                    "host": {
                                      "connectionName": "shared_commondataserviceforapps_1",
                                      "operationId": "CreateRecord",
                                      "apiId": "/providers/Microsoft.PowerApps/apis/shared_commondataserviceforapps"
                                    },
                                    "parameters": {
                                      "entityName": "dt_tierquestions",
                                      "item/dt_opt_category": "@items('Apply_to_each_2')?['dt_opt_category']",
                                      "item/dt_colourindicatorforno": "@items('Apply_to_each_2')?['dt_colourindicatorforno']",
                                      "item/dt_colourindicatorforyes": "@items('Apply_to_each_2')?['dt_colourindicatorforyes']",
                                      "item/dt_name": "@items('Apply_to_each_2')?['dt_name']",
                                      "item/dt_primaryquestion": "@items('Apply_to_each_2')?['dt_primaryquestion']",
                                      "item/dt_sequencenumber": "@items('Apply_to_each_2')?['dt_sequencenumber']",
                                      "item/dt_lk_Tier@odata.bind": "teams(@{items('Apply_to_each')?['teamid']})",
                                      "item/ownerid@odata.bind": "teams(@{items('Apply_to_each')?['teamid']})",
                                      "item/dt_sequencenumberinteger": "@items('Apply_to_each_2')?['dt_sequencenumberinteger']",
                                      "item/dt_viewondashboard": "@items('Apply_to_each_2')?['dt_viewondashboard']",
                                      "item/dt_tooltip": "@items('Apply_to_each_2')?['dt_tooltip']"
                                    },
                                    "authentication": "@parameters('$authentication')"
                                  }
                                }
                              },
                              "runAfter": {
                                "List_Tier_Question_having_tier_as_selected_dropdown": [
                                  "Succeeded"
                                ]
                              },
                              "type": "Foreach"
                            }
                          },
                          "runAfter": {
                            "List_Tier_Question_For_Child_Tier": [
                              "Succeeded"
                            ]
                          },
                          "expression": {
                            "equals": [
                              "@length(body('List_Tier_Question_For_Child_Tier')?['value'])",
                              0
                            ]
                          },
                          "type": "If"
                        }
                      }
                    },
                    "If_Tier_Metric_Question_is_Selected": {
                      "case": "206500001",
                      "actions": {
                        "List_Tier_Metric_Question_For_Child_Tier": {
                          "runAfter": {},
                          "type": "OpenApiConnection",
                          "inputs": {
                            "host": {
                              "connectionName": "shared_commondataserviceforapps_1",
                              "operationId": "ListRecords",
                              "apiId": "/providers/Microsoft.PowerApps/apis/shared_commondataserviceforapps"
                            },
                            "parameters": {
                              "entityName": "dt_tiermetricquestionses",
                              "$select": "dt_tiermetricquestionsid",
                              "fetchXml": "<fetch version=\"1.0\" output-format=\"xml-platform\" mapping=\"logical\" distinct=\"false\">\n  <entity name=\"dt_tiermetricquestions\">\n<attribute name=\"dt_tiermetricquestionsid\" />\n    <filter type=\"and\">\n      <condition attribute=\"statecode\" operator=\"eq\" value=\"0\" />\n    <condition attribute=\"dt_tier\" operator=\"eq\" value=\"@{triggerOutputs()?['body/_dt_childtier_value']}\" />\n    </filter>\n  </entity>\n</fetch>"
                            },
                            "authentication": "@parameters('$authentication')"
                          }
                        },
                        "Check_if_Child_Tier_Contains_Any_Tier_Metric_Question": {
                          "actions": {
                            "List_Tier_Metric_Question_having_tier_as_selected_dropdown": {
                              "runAfter": {},
                              "type": "OpenApiConnection",
                              "inputs": {
                                "host": {
                                  "connectionName": "shared_commondataserviceforapps_1",
                                  "operationId": "ListRecords",
                                  "apiId": "/providers/Microsoft.PowerApps/apis/shared_commondataserviceforapps"
                                },
                                "parameters": {
                                  "entityName": "dt_tiermetricquestionses",
                                  "$filter": "_dt_tier_value eq  @{triggerOutputs()?['body/_dt_parenttier_value']}"
                                },
                                "authentication": "@parameters('$authentication')"
                              }
                            },
                            "Apply_to_each_3": {
                              "foreach": "@outputs('List_Tier_Metric_Question_having_tier_as_selected_dropdown')?['body/value']",
                              "actions": {
                                "Create_a_new_Tier_Metric_Question_in_child_tiers": {
                                  "runAfter": {},
                                  "type": "OpenApiConnection",
                                  "inputs": {
                                    "host": {
                                      "connectionName": "shared_commondataserviceforapps_1",
                                      "operationId": "CreateRecord",
                                      "apiId": "/providers/Microsoft.PowerApps/apis/shared_commondataserviceforapps"
                                    },
                                    "parameters": {
                                      "entityName": "dt_tiermetricquestionses",
                                      "item/dt_category": "@items('Apply_to_each_3')?['dt_category']",
                                      "item/dt_frequency": "@items('Apply_to_each_3')?['dt_frequency']",
                                      "item/dt_kpiabovetarget": "@items('Apply_to_each_3')?['dt_kpiabovetarget']",
                                      "item/dt_kpiunit": "@items('Apply_to_each_3')?['dt_kpiunit']",
                                      "item/dt_name": "@items('Apply_to_each_3')?['dt_name']",
                                      "item/dt_sequencenumber": "@items('Apply_to_each_3')?['dt_sequencenumber']",
                                      "item/dt_target": "@items('Apply_to_each_3')?['dt_target']",
                                      "item/dt_Tier@odata.bind": "teams(@{items('Apply_to_each')?['teamid']})",
                                      "item/ownerid@odata.bind": "teams(@{items('Apply_to_each')?['teamid']})",
                                      "item/dt_sequencenumberinteger": "@items('Apply_to_each_3')?['dt_sequencenumberinteger']",
                                      "item/dt_viewondashboard": "@items('Apply_to_each_3')?['dt_viewondashboard']",
                                      "item/dt_tooltip": "@items('Apply_to_each_3')?['dt_tooltip']"
                                    },
                                    "authentication": "@parameters('$authentication')"
                                  }
                                }
                              },
                              "runAfter": {
                                "List_Tier_Metric_Question_having_tier_as_selected_dropdown": [
                                  "Succeeded"
                                ]
                              },
                              "type": "Foreach"
                            }
                          },
                          "runAfter": {
                            "List_Tier_Metric_Question_For_Child_Tier": [
                              "Succeeded"
                            ]
                          },
                          "expression": {
                            "equals": [
                              "@length(body('List_Tier_Metric_Question_For_Child_Tier')?['value'])",
                              0
                            ]
                          },
                          "type": "If"
                        }
                      }
                    },
                    "If_Sub_Classification_is_Selected": {
                      "case": "206500002",
                      "actions": {
                        "List_Sub_Classification_For_Child_Tier": {
                          "runAfter": {},
                          "type": "OpenApiConnection",
                          "inputs": {
                            "host": {
                              "connectionName": "shared_commondataserviceforapps_1",
                              "operationId": "ListRecords",
                              "apiId": "/providers/Microsoft.PowerApps/apis/shared_commondataserviceforapps"
                            },
                            "parameters": {
                              "entityName": "dt_subclassifications",
                              "$select": "dt_subclassificationid",
                              "fetchXml": "<fetch version=\"1.0\" output-format=\"xml-platform\" mapping=\"logical\" distinct=\"false\">\n  <entity name=\"dt_subclassification\">\n<attribute name=\"dt_subclassificationid\" />\n    <filter type=\"and\">\n      <condition attribute=\"dt_tier\" operator=\"eq\" value=\"@{triggerOutputs()?['body/_dt_childtier_value']}\" />\n      <condition attribute=\"statecode\" operator=\"eq\" value=\"0\" />\n    </filter>\n  </entity>\n</fetch>"
                            },
                            "authentication": "@parameters('$authentication')"
                          }
                        },
                        "Check_if_Child_Tier_Contains_Any_Sub_Classification": {
                          "actions": {
                            "List_Sub_Classification_having_tier_as_selected_dropdown": {
                              "runAfter": {},
                              "type": "OpenApiConnection",
                              "inputs": {
                                "host": {
                                  "connectionName": "shared_commondataserviceforapps_1",
                                  "operationId": "ListRecords",
                                  "apiId": "/providers/Microsoft.PowerApps/apis/shared_commondataserviceforapps"
                                },
                                "parameters": {
                                  "entityName": "dt_subclassifications",
                                  "$filter": "_dt_tier_value eq  @{triggerOutputs()?['body/_dt_parenttier_value']}"
                                },
                                "authentication": "@parameters('$authentication')"
                              }
                            },
                            "Apply_to_each_4": {
                              "foreach": "@outputs('List_Sub_Classification_having_tier_as_selected_dropdown')?['body/value']",
                              "actions": {
                                "Create_a_new_Sub_Classification_in_Child_Tiers": {
                                  "runAfter": {},
                                  "type": "OpenApiConnection",
                                  "inputs": {
                                    "host": {
                                      "connectionName": "shared_commondataserviceforapps_1",
                                      "operationId": "CreateRecord",
                                      "apiId": "/providers/Microsoft.PowerApps/apis/shared_commondataserviceforapps"
                                    },
                                    "parameters": {
                                      "entityName": "dt_subclassifications",
                                      "item/dt_category": "@items('Apply_to_each_4')?['dt_category']",
                                      "item/dt_sequencenumber": "@items('Apply_to_each_4')?['dt_sequencenumber']",
                                      "item/dt_subclassification": "@items('Apply_to_each_4')?['dt_subclassification']",
                                      "item/dt_tier@odata.bind": "teams(@{items('Apply_to_each')?['teamid']})",
                                      "item/ownerid@odata.bind": "teams(@{items('Apply_to_each')?['teamid']})",
                                      "item/dt_newsequencenumberinteger": "@items('Apply_to_each_4')?['dt_sequencenumberinteger']",
                                      "item/statuscode": "@items('Apply_to_each_4')?['statuscode']"
                                    },
                                    "authentication": "@parameters('$authentication')"
                                  }
                                }
                              },
                              "runAfter": {
                                "List_Sub_Classification_having_tier_as_selected_dropdown": [
                                  "Succeeded"
                                ]
                              },
                              "type": "Foreach"
                            }
                          },
                          "runAfter": {
                            "List_Sub_Classification_For_Child_Tier": [
                              "Succeeded"
                            ]
                          },
                          "expression": {
                            "equals": [
                              "@length(body('List_Sub_Classification_For_Child_Tier')?['value'])",
                              0
                            ]
                          },
                          "type": "If"
                        }
                      }
                    }
                  },
                  "default": {
                    "actions": {}
                  },
                  "expression": "@items('Apply_to_each_5')",
                  "type": "Switch"
                }
              },
              "runAfter": {},
              "type": "Foreach"
            }
          },
          "runAfter": {
            "List_Child_Tiers": [
              "Succeeded"
            ]
          },
          "type": "Foreach"
        },
        "Initialize_Record_Type": {
          "runAfter": {
            "Get_Replicate_Request_Created_Record": [
              "Succeeded"
            ]
          },
          "type": "InitializeVariable",
          "inputs": {
            "variables": [
              {
                "name": "record_type",
                "type": "array",
                "value": "@split(outputs('Get_Replicate_Request_Created_Record')?['body/dt_recordtype'],',')"
              }
            ]
          }
        },
        "Compose_Record_Type": {
          "runAfter": {
            "Initialize_Record_Type": [
              "Succeeded"
            ]
          },
          "type": "Compose",
          "inputs": "@variables('record_type')"
        },
        "Parse_Record_Type": {
          "runAfter": {
            "Compose_Record_Type": [
              "Succeeded"
            ]
          },
          "type": "ParseJson",
          "inputs": {
            "content": "@outputs('Compose_Record_Type')",
            "schema": {
              "type": "array",
              "items": {
                "type": "string"
              }
            }
          }
        },
        "Get_Replicate_Request_Created_Record": {
          "runAfter": {},
          "type": "OpenApiConnection",
          "inputs": {
            "host": {
              "connectionName": "shared_commondataserviceforapps_1",
              "operationId": "GetItem",
              "apiId": "/providers/Microsoft.PowerApps/apis/shared_commondataserviceforapps"
            },
            "parameters": {
              "entityName": "dt_replicaterequests",
              "recordId": "@triggerOutputs()?['body/dt_replicaterequestid']",
              "$select": "dt_recordtype"
            },
            "authentication": "@parameters('$authentication')"
          }
        },
        "Update_Status_Reason_To_Completed": {
          "runAfter": {
            "Apply_to_each": [
              "Succeeded"
            ]
          },
          "type": "OpenApiConnection",
          "inputs": {
            "host": {
              "connectionName": "shared_commondataserviceforapps_1",
              "operationId": "UpdateRecord",
              "apiId": "/providers/Microsoft.PowerApps/apis/shared_commondataserviceforapps"
            },
            "parameters": {
              "entityName": "dt_replicaterequests",
              "recordId": "@triggerOutputs()?['body/dt_replicaterequestid']",
              "item/statecode": 1,
              "item/statuscode": 2
            },
            "authentication": "@parameters('$authentication')"
          }
        }
      },
      "outputs": {}
    },
    "templateName": null
  },
  "schemaVersion": "1.0.0.0"
}