{
  "properties": {
    "connectionReferences": {
      "shared_commondataserviceforapps": {
        "impersonation": {},
        "runtimeSource": "embedded",
        "connection": {},
        "api": {
          "name": "shared_commondataserviceforapps"
        }
      },
      "shared_commondataserviceforapps_1": {
        "impersonation": {},
        "runtimeSource": "embedded",
        "connection": {},
        "api": {
          "name": "shared_commondataserviceforapps"
        }
      },
      "shared_office365_1": {
        "runtimeSource": "embedded",
        "connection": {},
        "api": {
          "name": "shared_office365"
        }
      }
    },
    "definition": {
      "$schema": "https://schema.management.azure.com/providers/Microsoft.Logic/schemas/2016-06-01/workflowdefinition.json#",
      "contentVersion": "1.0.0.0",
      "parameters": {
        "$connections": {
          "defaultValue": {},
          "type": "Object"
        },
        "$authentication": {
          "defaultValue": {},
          "type": "SecureObject"
        }
      },
      "triggers": {
        "When_a_Tier_Issue_record_is_created_or_updated": {
          "type": "OpenApiConnectionWebhook",
          "inputs": {
            "host": {
              "apiId": "/providers/Microsoft.PowerApps/apis/shared_commondataserviceforapps",
              "connectionName": "shared_commondataserviceforapps_1",
              "operationId": "SubscribeWebhookTrigger"
            },
            "parameters": {
              "subscriptionRequest/message": 4,
              "subscriptionRequest/entityname": "dt_tierissue",
              "subscriptionRequest/scope": 4,
              "subscriptionRequest/filteringattributes": "dt_assignedtoemailid",
              "subscriptionRequest/filterexpression": "dt_assignedtoemailid ne null",
              "subscriptionRequest/name": "a7b44ae3-ef77-eb11-a812-000d3a593348"
            },
            "authentication": "@parameters('$authentication')"
          }
        }
      },
      "actions": {
        "Get_the_tier_": {
          "runAfter": {
            "Initialize_variable_for_Assigned_To_Users_Full_Name": [
              "Succeeded"
            ]
          },
          "type": "OpenApiConnection",
          "inputs": {
            "host": {
              "apiId": "/providers/Microsoft.PowerApps/apis/shared_commondataserviceforapps",
              "connectionName": "shared_commondataserviceforapps",
              "operationId": "GetItem"
            },
            "parameters": {
              "entityName": "teams",
              "recordId": "@triggerOutputs()?['body/_dt_lk_tier_value']",
              "$select": "dt_emailnotification,name"
            },
            "authentication": "@parameters('$authentication')"
          }
        },
        "If_Email_Notification_is_true": {
          "actions": {
            "List_of_users_issue_Assigned_to": {
              "runAfter": {},
              "type": "OpenApiConnection",
              "inputs": {
                "host": {
                  "apiId": "/providers/Microsoft.PowerApps/apis/shared_commondataserviceforapps",
                  "connectionName": "shared_commondataserviceforapps_1",
                  "operationId": "ListRecords"
                },
                "parameters": {
                  "entityName": "dt_tierissue_systemuserset",
                  "$filter": "dt_tierissueid eq '@{triggerOutputs()?['body/dt_tierissueid']}'"
                },
                "authentication": "@parameters('$authentication')"
              }
            },
            "Apply_to_each_Assigned_To_User": {
              "foreach": "@outputs('List_of_users_issue_Assigned_to')?['body/value']",
              "actions": {
                "Get_a_row_by_ID": {
                  "runAfter": {},
                  "type": "OpenApiConnection",
                  "inputs": {
                    "host": {
                      "apiId": "/providers/Microsoft.PowerApps/apis/shared_commondataserviceforapps",
                      "connectionName": "shared_commondataserviceforapps_1",
                      "operationId": "GetItem"
                    },
                    "parameters": {
                      "entityName": "systemusers",
                      "recordId": "@items('Apply_to_each_Assigned_To_User')?['systemuserid']",
                      "$select": "fullname"
                    },
                    "authentication": "@parameters('$authentication')"
                  }
                },
                "Append_to_string_variable": {
                  "runAfter": {
                    "Get_a_row_by_ID": [
                      "Succeeded"
                    ]
                  },
                  "type": "AppendToStringVariable",
                  "inputs": {
                    "name": "Assigned To Users Name",
                    "value": "@concat(outputs('Get_a_row_by_ID')?['body/fullname'], ',')"
                  }
                }
              },
              "runAfter": {
                "List_of_users_issue_Assigned_to": [
                  "Succeeded"
                ]
              },
              "type": "Foreach"
            },
            "Apply_to_each_Assigned_To_User's_Email_Id": {
              "foreach": "@variables('Assigned To Emails')",
              "actions": {
                "Current_Assigned_To_Email_Id": {
                  "runAfter": {},
                  "type": "Compose",
                  "inputs": "@items('Apply_to_each_Assigned_To_User''s_Email_Id')"
                },
                "Check_if_Current_Record_is_Empty": {
                  "actions": {
                    "Send_an_email_notification_to_the_user": {
                      "runAfter": {},
                      "type": "OpenApiConnection",
                      "inputs": {
                        "host": {
                          "apiId": "/providers/Microsoft.PowerApps/apis/shared_office365",
                          "connectionName": "shared_office365_1",
                          "operationId": "SendEmailV2"
                        },
                        "parameters": {
                          "emailMessage/To": "@outputs('Current_Assigned_To_Email_Id')",
                          "emailMessage/Subject": "You have been Assigned an Issue",
                          "emailMessage/Body": "<p>Hello,<br>\n<br>\nPlease find the below details of new Tier Issue:<br>\n<br>\nIssue Title : @{triggerOutputs()?['body/dt_name']}<br>\nCategory : @{triggerOutputs()?['body/_dt_opt_category_label']}<br>\nIssue Assignee Name :@{substring(variables('Assigned To Users Name'),0,sub(length(variables('Assigned To Users Name')),1))}<br>\nDue Date : @{triggerOutputs()?['body/dt_date_duedate']}<br>\nTier Name : @{outputs('Get_the_tier_')?['body/name']}<br>\nIssue Description : @{triggerOutputs()?['body/dt_mtxt_description']}<br>\n</p>",
                          "emailMessage/From": "digitiernotify@merck.com"
                        },
                        "authentication": "@parameters('$authentication')"
                      }
                    }
                  },
                  "runAfter": {
                    "Current_Assigned_To_Email_Id": [
                      "Succeeded"
                    ]
                  },
                  "expression": {
                    "not": {
                      "equals": [
                        "@items('Apply_to_each_Assigned_To_User''s_Email_Id')",
                        ""
                      ]
                    }
                  },
                  "type": "If"
                }
              },
              "runAfter": {
                "Apply_to_each_Assigned_To_User": [
                  "Succeeded"
                ]
              },
              "type": "Foreach"
            }
          },
          "runAfter": {
            "Get_the_tier_": [
              "Succeeded"
            ]
          },
          "expression": {
            "equals": [
              "@outputs('Get_the_tier_')?['body/dt_emailnotification']",
              true
            ]
          },
          "type": "If"
        },
        "Initialize_variable": {
          "runAfter": {
            "Delay": [
              "Succeeded"
            ]
          },
          "type": "InitializeVariable",
          "inputs": {
            "variables": [
              {
                "name": "Assigned To Emails",
                "type": "array",
                "value": "@split(triggerOutputs()?['body/dt_assignedtoemailid'],',')"
              }
            ]
          }
        },
        "Initialize_variable_for_Assigned_To_Users_Full_Name": {
          "runAfter": {
            "Initialize_variable": [
              "Succeeded"
            ]
          },
          "type": "InitializeVariable",
          "inputs": {
            "variables": [
              {
                "name": "Assigned To Users Name",
                "type": "string"
              }
            ]
          }
        },
        "Delay": {
          "runAfter": {},
          "type": "Wait",
          "inputs": {
            "interval": {
              "count": 10,
              "unit": "Second"
            }
          }
        }
      },
      "outputs": {}
    },
    "templateName": null
  },
  "schemaVersion": "1.0.0.0"
}