{
  "properties": {
    "connectionReferences": {
      "shared_commondataserviceforapps": {
        "runtimeSource": "embedded",
        "connection": {},
        "api": {
          "name": "shared_commondataserviceforapps"
        }
      },
      "shared_office365_1": {
        "runtimeSource": "embedded",
        "connection": {},
        "api": {
          "name": "shared_office365"
        }
      }
    },
    "definition": {
      "$schema": "https://schema.management.azure.com/providers/Microsoft.Logic/schemas/2016-06-01/workflowdefinition.json#",
      "contentVersion": "1.0.0.0",
      "parameters": {
        "$connections": {
          "defaultValue": {},
          "type": "Object"
        },
        "$authentication": {
          "defaultValue": {},
          "type": "SecureObject"
        }
      },
      "triggers": {
        "Runs_Every_Day_at_00:05": {
          "recurrence": {
            "frequency": "Day",
            "interval": 1,
            "timeZone": "UTC",
            "schedule": {
              "hours": [
                "0"
              ],
              "minutes": [
                5
              ]
            }
          },
          "type": "Recurrence"
        }
      },
      "actions": {
        "Apply_to_each": {
          "foreach": "@outputs('get_Overdue_Days_from_Configuration')?['body/value']",
          "actions": {
            "Assign_Overdue_Days": {
              "runAfter": {},
              "type": "SetVariable",
              "inputs": {
                "name": "Overdue days",
                "value": "@items('Apply_to_each')?['dt_value']"
              }
            }
          },
          "runAfter": {
            "Get_Overdue_Days_from_Configuration": [
              "Succeeded"
            ]
          },
          "type": "Foreach"
        },
        "Get_Unique_Assigned_to_IDs": {
          "foreach": "@outputs('Get_Tier_Task_Records')?['body/value']",
          "actions": {
            "Get_N:N_records_related_to_Tier_Issues": {
              "runAfter": {},
              "type": "OpenApiConnection",
              "inputs": {
                "host": {
                  "connectionName": "shared_commondataserviceforapps",
                  "operationId": "ListRecords",
                  "apiId": "/providers/Microsoft.PowerApps/apis/shared_commondataserviceforapps"
                },
                "parameters": {
                  "entityName": "dt_tiertask_systemuserset",
                  "$filter": "dt_tiertaskid eq '@{items('Get_Unique_Assigned_to_IDs')?['dt_tiertaskid']}'"
                },
                "authentication": "@parameters('$authentication')"
              }
            },
            "Apply_to_each_Assigned_To_User": {
              "foreach": "@outputs('Get_N:N_records_related_to_Tier_Issues')?['body/value']",
              "actions": {
                "Get_a_row_by_ID": {
                  "runAfter": {},
                  "type": "OpenApiConnection",
                  "inputs": {
                    "host": {
                      "connectionName": "shared_commondataserviceforapps",
                      "operationId": "GetItem",
                      "apiId": "/providers/Microsoft.PowerApps/apis/shared_commondataserviceforapps"
                    },
                    "parameters": {
                      "entityName": "systemusers",
                      "recordId": "@items('Apply_to_each_Assigned_To_User')?['systemuserid']",
                      "$select": "fullname,systemuserid"
                    },
                    "authentication": "@parameters('$authentication')"
                  }
                },
                "Union_of__Unique_(Assigned_To)_Names": {
                  "runAfter": {
                    "Get_a_row_by_ID": [
                      "Succeeded"
                    ]
                  },
                  "type": "Compose",
                  "inputs": "@union(variables('Unique Names'), createArray(outputs('Get_a_row_by_ID')?['body/systemuserid']))"
                },
                "Set_Unique_(Assigned_To)_Names": {
                  "runAfter": {
                    "Union_of__Unique_(Assigned_To)_Names": [
                      "Succeeded"
                    ]
                  },
                  "type": "SetVariable",
                  "inputs": {
                    "name": "Unique Names",
                    "value": "@outputs('Union_of__Unique_(Assigned_To)_Names')"
                  }
                }
              },
              "runAfter": {
                "Get_N:N_records_related_to_Tier_Issues": [
                  "Succeeded"
                ]
              },
              "type": "Foreach"
            }
          },
          "runAfter": {
            "Initialize_Unique_(Assigned_To)_Names": [
              "Succeeded"
            ]
          },
          "type": "Foreach"
        },
        "Loop_Through_each_Unique_User_IDs": {
          "foreach": "@variables('Unique Names')",
          "actions": {
            "Get_Current_Assigned_To": {
              "runAfter": {},
              "type": "Compose",
              "inputs": "@items('Loop_Through_each_Unique_User_IDs')"
            },
            "Filter_Tier_Tasks": {
              "runAfter": {
                "Get_Current_Assigned_To": [
                  "Succeeded"
                ]
              },
              "type": "Query",
              "inputs": {
                "from": "@outputs('Get_Tier_Task_Records')?['body/value']",
                "where": "@equals(outputs('Get_Current_Assigned_To'), item()?['aa.systemuserid'])"
              }
            },
            "Select_Tier_Name_from_Filtered_Result": {
              "runAfter": {
                "Filter_Tier_Tasks": [
                  "Succeeded"
                ]
              },
              "type": "Select",
              "inputs": {
                "from": "@body('Filter_Tier_Tasks')",
                "select": {
                  "Date": "@formatDateTime(item()?['dt_localduedate'],'dd-MM-yyyy')",
                  "Tier Name": "@item()?['ad.name']",
                  "Task Title": "@item()?['dt_name']"
                }
              }
            },
            "Append_to_Result": {
              "runAfter": {
                "Select_Tier_Name_from_Filtered_Result": [
                  "Succeeded"
                ]
              },
              "type": "AppendToArrayVariable",
              "inputs": {
                "name": "results",
                "value": {
                  "Assigned To": "@{items('Loop_Through_each_Unique_User_IDs')} ",
                  "items": "@body('Select_Tier_Name_from_Filtered_Result')"
                }
              }
            },
            "Create_Task_Table": {
              "runAfter": {
                "Append_to_Result": [
                  "Succeeded"
                ]
              },
              "type": "Table",
              "inputs": {
                "from": "@body('Select_Tier_Name_from_Filtered_Result')",
                "format": "HTML"
              }
            },
            "Get_Assigned_To_User_Details": {
              "runAfter": {
                "TDStyles": [
                  "Succeeded"
                ]
              },
              "type": "OpenApiConnection",
              "inputs": {
                "host": {
                  "connectionName": "shared_commondataserviceforapps",
                  "operationId": "GetItem",
                  "apiId": "/providers/Microsoft.PowerApps/apis/shared_commondataserviceforapps"
                },
                "parameters": {
                  "entityName": "systemusers",
                  "recordId": "@items('Loop_Through_each_Unique_User_IDs')",
                  "$select": "internalemailaddress,fullname"
                },
                "authentication": "@parameters('$authentication')"
              }
            },
            "Send_Email_Notification": {
              "runAfter": {
                "Get_Assigned_To_User_Details": [
                  "Succeeded"
                ]
              },
              "type": "OpenApiConnection",
              "inputs": {
                "host": {
                  "connectionName": "shared_office365_1",
                  "operationId": "SendEmailV2",
                  "apiId": "/providers/Microsoft.PowerApps/apis/shared_office365"
                },
                "parameters": {
                  "emailMessage/To": "@outputs('Get_Assigned_To_User_Details')?['body/internalemailaddress']",
                  "emailMessage/Subject": "Tasks Due in DigiTier\n ",
                  "emailMessage/Body": "<p>Hi @{outputs('Get_Assigned_To_User_Details')?['body/fullname']},<br>\n<br>\nYou have Tasks due &nbsp;in DigiTier -<br>\n<br>\n@{outputs('TDStyles')}<br>\n</p>",
                  "emailMessage/From": "digitiernotify@merck.com"
                },
                "authentication": "@parameters('$authentication')"
              }
            },
            "Format_Table": {
              "runAfter": {
                "Create_Task_Table": [
                  "Succeeded"
                ]
              },
              "type": "Compose",
              "inputs": "@replace(body('Create_Task_table'),'<table>','<table border=\"1\">')"
            },
            "TDStyles": {
              "runAfter": {
                "Format_Table": [
                  "Succeeded"
                ]
              },
              "type": "Compose",
              "inputs": "@replace(outputs('Format_Table'),'<td>','<td style=\"padding:10px\">')"
            }
          },
          "runAfter": {
            "Initialize_Results": [
              "Succeeded"
            ]
          },
          "type": "Foreach"
        },
        "Get_Overdue_Days_from_Configuration": {
          "runAfter": {
            "Initialize_Overdue_Days": [
              "Succeeded"
            ]
          },
          "type": "OpenApiConnection",
          "inputs": {
            "host": {
              "connectionName": "shared_commondataserviceforapps",
              "operationId": "ListRecords",
              "apiId": "/providers/Microsoft.PowerApps/apis/shared_commondataserviceforapps"
            },
            "parameters": {
              "entityName": "dt_configurations",
              "$select": "dt_value",
              "$filter": "dt_name eq '@{variables('Config Key Name')}' and statecode eq 0",
              "$top": 1
            },
            "authentication": "@parameters('$authentication')"
          }
        },
        "Initialize_Config_Key": {
          "runAfter": {},
          "type": "InitializeVariable",
          "inputs": {
            "variables": [
              {
                "name": "Config Key Name",
                "type": "string",
                "value": "overduedays"
              }
            ]
          }
        },
        "Initialize_Overdue_Days": {
          "runAfter": {
            "Initialize_Config_Key": [
              "Succeeded"
            ]
          },
          "type": "InitializeVariable",
          "inputs": {
            "variables": [
              {
                "name": "Overdue days",
                "type": "string"
              }
            ]
          }
        },
        "Get_Tier_Task_Records": {
          "runAfter": {
            "Initialize_Overdue_Date": [
              "Succeeded"
            ]
          },
          "type": "OpenApiConnection",
          "inputs": {
            "host": {
              "connectionName": "shared_commondataserviceforapps",
              "operationId": "ListRecords",
              "apiId": "/providers/Microsoft.PowerApps/apis/shared_commondataserviceforapps"
            },
            "parameters": {
              "entityName": "dt_tiertasks",
              "$select": "dt_name,dt_lk_Tier,dt_date_duedate,dt_localduedate,dt_tiertaskid",
              "fetchXml": "<fetch version=\"1.0\" output-format=\"xml-platform\" mapping=\"logical\" distinct=\"false\">\n  <entity name=\"dt_tiertask\">\n    <attribute name=\"dt_name\" />\n    <attribute name=\"dt_lk_tier\" />\n    <attribute name=\"dt_date_duedate\" />\n    <attribute name=\"dt_localduedate\" />\n    <order attribute=\"dt_localduedate\" descending=\"false\" />\n    <link-entity name=\"dt_tiertask_systemuser\" from=\"dt_tiertaskid\" to=\"dt_tiertaskid\" visible=\"false\" intersect=\"true\">\n      <link-entity name=\"systemuser\" from=\"systemuserid\" to=\"systemuserid\" alias=\"aa\">\n<attribute name=\"systemuserid\" />\n</link-entity>\n    </link-entity>\n    <filter type=\"and\">\n      <condition attribute=\"dt_localduedate\" operator=\"on-or-before\" value=\"@{variables('Overdue Date')}\" />\n<condition attribute=\"statecode\" operator=\"eq\" value=\"0\" />\n    </filter>\n    <link-entity name=\"team\" from=\"teamid\" to=\"dt_lk_tier\" link-type=\"inner\" alias=\"ad\">\n<attribute name=\"name\" />\n      <filter type=\"and\">\n        <condition attribute=\"dt_emailnotification\" operator=\"eq\" value=\"1\" />\n      </filter>\n    </link-entity>\n<link-entity name=\"dt_tierissue\" from=\"dt_tierissueid\" to=\"dt_lk_issue\" link-type=\"inner\" alias=\"at\">\n      <filter type=\"and\">\n        <condition attribute=\"statecode\" operator=\"eq\" value=\"0\" />\n      </filter>\n    </link-entity>\n  </entity>\n</fetch>"
            },
            "authentication": "@parameters('$authentication')"
          },
          "runtimeConfiguration": {
            "paginationPolicy": {
              "minimumItemCount": 10000
            }
          }
        },
        "Add_Overdue_Days_to_Current_Date": {
          "runAfter": {
            "Apply_to_each": [
              "Succeeded"
            ]
          },
          "type": "Expression",
          "kind": "AddToTime",
          "inputs": {
            "baseTime": "@{formatDateTime(utcNow(),'yyyy-MM-dd')}",
            "interval": "@variables('Overdue days')",
            "timeUnit": "Day"
          }
        },
        "Initialize_Overdue_Date": {
          "runAfter": {
            "Add_Overdue_Days_to_Current_Date": [
              "Succeeded"
            ]
          },
          "type": "InitializeVariable",
          "inputs": {
            "variables": [
              {
                "name": "Overdue Date",
                "type": "string",
                "value": "@{formatDateTime(body('Add_Overdue_Days_to_Current_Date'),'yyyy-MM-dd')}"
              }
            ]
          }
        },
        "Initialize_Unique_(Assigned_To)_Names": {
          "runAfter": {
            "Get_Tier_Task_Records": [
              "Succeeded"
            ]
          },
          "type": "InitializeVariable",
          "inputs": {
            "variables": [
              {
                "name": "Unique Names",
                "type": "array",
                "value": []
              }
            ]
          }
        },
        "Initialize_Results": {
          "runAfter": {
            "Get_Unique_Assigned_to_IDs": [
              "Succeeded"
            ]
          },
          "type": "InitializeVariable",
          "inputs": {
            "variables": [
              {
                "name": "results",
                "type": "array",
                "value": []
              }
            ]
          }
        }
      },
      "outputs": {}
    },
    "templateName": null
  },
  "schemaVersion": "1.0.0.0"
}