{
  "properties": {
    "connectionReferences": {
      "shared_commondataserviceforapps": {
        "runtimeSource": "embedded",
        "connection": {
          "connectionReferenceLogicalName": "new_sharedcommondataserviceforapps_10915"
        },
        "api": {
          "name": "shared_commondataserviceforapps"
        }
      }
    },
    "definition": {
      "$schema": "https://schema.management.azure.com/providers/Microsoft.Logic/schemas/2016-06-01/workflowdefinition.json#",
      "contentVersion": "1.0.0.0",
      "parameters": {
        "$connections": {
          "defaultValue": {},
          "type": "Object"
        },
        "$authentication": {
          "defaultValue": {},
          "type": "SecureObject"
        }
      },
      "triggers": {
        "When_Is_Tier_Leader_is_Set_to_Yes": {
          "metadata": {
            "operationMetadataId": "2b580a99-b20a-4554-af2e-5b6fd377691b"
          },
          "type": "OpenApiConnectionWebhook",
          "inputs": {
            "host": {
              "connectionName": "shared_commondataserviceforapps",
              "operationId": "SubscribeWebhookTrigger",
              "apiId": "/providers/Microsoft.PowerApps/apis/shared_commondataserviceforapps"
            },
            "parameters": {
              "subscriptionRequest/message": 4,
              "subscriptionRequest/entityname": "dt_tierteammember",
              "subscriptionRequest/scope": 4,
              "subscriptionRequest/filteringattributes": "dt_bit_tierleader"
            },
            "authentication": "@parameters('$authentication')"
          }
        }
      },
      "actions": {
        "Condition": {
          "actions": {
            "Get_respective_URL_from_Configuration_entity": {
              "runAfter": {},
              "metadata": {
                "operationMetadataId": "63e43cc7-60e1-49b2-a755-f75622c7b3e7"
              },
              "type": "OpenApiConnection",
              "inputs": {
                "host": {
                  "connectionName": "shared_commondataserviceforapps",
                  "operationId": "ListRecords",
                  "apiId": "/providers/Microsoft.PowerApps/apis/shared_commondataserviceforapps"
                },
                "parameters": {
                  "entityName": "dt_configurations",
                  "$select": "dt_value",
                  "$filter": "dt_name eq '@{variables('Config Key Name')}'",
                  "$top": 1
                },
                "authentication": "@parameters('$authentication')"
              }
            },
            "Apply_to_each": {
              "foreach": "@outputs('Get_respective_URL_from_Configuration_entity')?['body/value']",
              "actions": {
                "Apply_to_each_2": {
                  "foreach": "@outputs('Retrieve_Tier_Leader_Security_Role_for_current_BU')?['body/value']",
                  "actions": {
                    "Assign_role_to_selected_user": {
                      "runAfter": {},
                      "metadata": {
                        "operationMetadataId": "5f7bbc98-686f-4f6a-a9dc-421801fa6fbf"
                      },
                      "type": "OpenApiConnection",
                      "inputs": {
                        "host": {
                          "connectionName": "shared_commondataserviceforapps",
                          "operationId": "AssociateEntities",
                          "apiId": "/providers/Microsoft.PowerApps/apis/shared_commondataserviceforapps"
                        },
                        "parameters": {
                          "entityName": "systemusers",
                          "recordId": "@triggerOutputs()?['body/_dt_lk_member_value']",
                          "associationEntityRelationship": "systemuserroles_association",
                          "item/@odata.id": "@{items('Apply_to_each')?['dt_value']}(@{items('Apply_to_each_2')?['roleid']})"
                        },
                        "authentication": "@parameters('$authentication')"
                      }
                    }
                  },
                  "runAfter": {},
                  "metadata": {
                    "operationMetadataId": "6d848539-9ac7-44bf-9ede-43269d632017"
                  },
                  "type": "Foreach"
                }
              },
              "runAfter": {
                "Retrieve_Tier_Leader_Security_Role_for_current_BU": [
                  "Succeeded"
                ]
              },
              "metadata": {
                "operationMetadataId": "dfc389c3-dc85-4f49-93c5-e9599f3d37df"
              },
              "type": "Foreach"
            },
            "Retrieve_Tier_Leader_Security_Role_for_current_BU": {
              "runAfter": {
                "Get_respective_URL_from_Configuration_entity": [
                  "Succeeded"
                ]
              },
              "metadata": {
                "operationMetadataId": "26aa4198-9aaa-48fa-9d58-48a9de91e3ca"
              },
              "type": "OpenApiConnection",
              "inputs": {
                "host": {
                  "connectionName": "shared_commondataserviceforapps",
                  "operationId": "ListRecords",
                  "apiId": "/providers/Microsoft.PowerApps/apis/shared_commondataserviceforapps"
                },
                "parameters": {
                  "entityName": "roles",
                  "$select": "roleid",
                  "$filter": "name eq '@{variables('Security Role Name')}' and _businessunitid_value eq @{triggerOutputs()?['body/_owningbusinessunit_value']}",
                  "$top": 1
                },
                "authentication": "@parameters('$authentication')"
              }
            }
          },
          "runAfter": {
            "Static_Variable_for_Security_Role": [
              "Succeeded"
            ]
          },
          "else": {
            "actions": {
              "Condition_2": {
                "actions": {},
                "runAfter": {},
                "else": {
                  "actions": {
                    "List_Tier_Team_Member": {
                      "runAfter": {},
                      "metadata": {
                        "operationMetadataId": "5a54080f-7269-43ba-9dd3-43c96655672d"
                      },
                      "type": "OpenApiConnection",
                      "inputs": {
                        "host": {
                          "connectionName": "shared_commondataserviceforapps",
                          "operationId": "ListRecords",
                          "apiId": "/providers/Microsoft.PowerApps/apis/shared_commondataserviceforapps"
                        },
                        "parameters": {
                          "entityName": "dt_tierteammembers",
                          "$filter": "_dt_lk_member_value eq @{triggerOutputs()?['body/_dt_lk_member_value']} and dt_bit_tierleader eq true and statecode eq 0"
                        },
                        "authentication": "@parameters('$authentication')"
                      },
                      "runtimeConfiguration": {
                        "paginationPolicy": {
                          "minimumItemCount": 2000
                        }
                      }
                    },
                    "Check_if_User_is_Tier_Leader_of_Any_other_Tier": {
                      "actions": {
                        "Get_URL_From_Config_Entity": {
                          "runAfter": {},
                          "metadata": {
                            "operationMetadataId": "6bcbfbb7-1756-4a5c-b2ad-bcebc7899f13"
                          },
                          "type": "OpenApiConnection",
                          "inputs": {
                            "host": {
                              "connectionName": "shared_commondataserviceforapps",
                              "operationId": "ListRecords",
                              "apiId": "/providers/Microsoft.PowerApps/apis/shared_commondataserviceforapps"
                            },
                            "parameters": {
                              "entityName": "dt_configurations",
                              "$select": "dt_value",
                              "$filter": "dt_name eq '@{variables('Config Key Name')}'",
                              "$top": 1
                            },
                            "authentication": "@parameters('$authentication')"
                          }
                        },
                        "Retrieve_Tier_Leader_Role_for_current_BU": {
                          "runAfter": {
                            "Get_URL_From_Config_Entity": [
                              "Succeeded"
                            ]
                          },
                          "metadata": {
                            "operationMetadataId": "bdbc0ae6-a05f-4227-b755-76f18421668d"
                          },
                          "type": "OpenApiConnection",
                          "inputs": {
                            "host": {
                              "connectionName": "shared_commondataserviceforapps",
                              "operationId": "ListRecords",
                              "apiId": "/providers/Microsoft.PowerApps/apis/shared_commondataserviceforapps"
                            },
                            "parameters": {
                              "entityName": "roles",
                              "$select": "roleid",
                              "$filter": "name eq '@{variables('Security Role Name')}' and _businessunitid_value eq @{triggerOutputs()?['body/_owningbusinessunit_value']}",
                              "$top": 1
                            },
                            "authentication": "@parameters('$authentication')"
                          }
                        },
                        "Apply_to_each_3": {
                          "foreach": "@outputs('Retrieve_Tier_Leader_Role_for_current_BU')?['body/value']",
                          "actions": {
                            "Apply_to_each_4": {
                              "foreach": "@outputs('get_URL_from_config_entity')?['body/value']",
                              "actions": {
                                "Remove_Tier_Leader_Role_": {
                                  "runAfter": {},
                                  "metadata": {
                                    "operationMetadataId": "bed9349f-9447-4f20-9bdc-1a5bdac97255"
                                  },
                                  "type": "OpenApiConnection",
                                  "inputs": {
                                    "host": {
                                      "connectionName": "shared_commondataserviceforapps",
                                      "operationId": "DisassociateEntities",
                                      "apiId": "/providers/Microsoft.PowerApps/apis/shared_commondataserviceforapps"
                                    },
                                    "parameters": {
                                      "entityName": "systemusers",
                                      "recordId": "@triggerOutputs()?['body/_dt_lk_member_value']",
                                      "associationEntityRelationship": "systemuserroles_association",
                                      "$id": "@{items('Apply_to_each_4')?['dt_value']}(@{items('Apply_to_each_3')?['roleid']})"
                                    },
                                    "authentication": "@parameters('$authentication')"
                                  }
                                }
                              },
                              "runAfter": {},
                              "metadata": {
                                "operationMetadataId": "3129aa39-2c33-4aeb-9090-aa85f76c2d72"
                              },
                              "type": "Foreach"
                            }
                          },
                          "runAfter": {
                            "Retrieve_Tier_Leader_Role_for_current_BU": [
                              "Succeeded"
                            ]
                          },
                          "metadata": {
                            "operationMetadataId": "24fdf415-4aac-4285-b835-eb83974b6463"
                          },
                          "type": "Foreach"
                        }
                      },
                      "runAfter": {
                        "List_Tier_Team_Member": [
                          "Succeeded"
                        ]
                      },
                      "expression": {
                        "equals": [
                          "@length(body('List_Tier_Team_Member')?['value'])",
                          0
                        ]
                      },
                      "metadata": {
                        "operationMetadataId": "7d6e20a0-416d-4682-8a89-2743c43233a8"
                      },
                      "type": "If"
                    }
                  }
                },
                "expression": {
                  "equals": [
                    "@triggerOutputs()?['body/SdkMessage']",
                    "Create"
                  ]
                },
                "metadata": {
                  "operationMetadataId": "037fbfa2-2ec1-4b9a-996c-8ffbe2579ba5"
                },
                "type": "If"
              }
            }
          },
          "expression": {
            "equals": [
              "@triggerOutputs()?['body/dt_bit_tierleader']",
              true
            ]
          },
          "metadata": {
            "operationMetadataId": "777bcc8b-0088-4003-8bc2-9a9b3bd4a2a3"
          },
          "type": "If"
        },
        "Static_Variable_for_Config_Key": {
          "runAfter": {},
          "metadata": {
            "operationMetadataId": "344e547d-9fbc-4ba3-8b98-8751de7c825b"
          },
          "type": "InitializeVariable",
          "inputs": {
            "variables": [
              {
                "name": "Config Key Name",
                "type": "string",
                "value": "securityroleapi"
              }
            ]
          }
        },
        "Static_Variable_for_Security_Role": {
          "runAfter": {
            "Static_Variable_for_Config_Key": [
              "Succeeded"
            ]
          },
          "metadata": {
            "operationMetadataId": "66a5bc26-2c01-4245-a1fc-6a395f0e7a40"
          },
          "type": "InitializeVariable",
          "inputs": {
            "variables": [
              {
                "name": "Security Role Name",
                "type": "string",
                "value": "DT Tier Leader"
              }
            ]
          }
        }
      },
      "outputs": {}
    },
    "templateName": null
  },
  "schemaVersion": "1.0.0.0"
}