{
  "properties": {
    "connectionReferences": {
      "shared_commondataserviceforapps": {
        "runtimeSource": "embedded",
        "connection": {
          "connectionReferenceLogicalName": "new_sharedcommondataserviceforapps_10915"
        },
        "api": {
          "name": "shared_commondataserviceforapps"
        }
      }
    },
    "definition": {
      "$schema": "https://schema.management.azure.com/providers/Microsoft.Logic/schemas/2016-06-01/workflowdefinition.json#",
      "contentVersion": "1.0.0.0",
      "parameters": {
        "$connections": {
          "defaultValue": {},
          "type": "Object"
        },
        "$authentication": {
          "defaultValue": {},
          "type": "SecureObject"
        }
      },
      "triggers": {
        "When_a_BU_Record_is_Created_or_Updated": {
          "type": "OpenApiConnectionWebhook",
          "inputs": {
            "host": {
              "connectionName": "shared_commondataserviceforapps",
              "operationId": "SubscribeWebhookTrigger",
              "apiId": "/providers/Microsoft.PowerApps/apis/shared_commondataserviceforapps"
            },
            "parameters": {
              "subscriptionRequest/message": 4,
              "subscriptionRequest/entityname": "businessunit",
              "subscriptionRequest/scope": 4,
              "subscriptionRequest/filteringattributes": "utcoffset"
            },
            "authentication": "@parameters('$authentication')"
          }
        }
      },
      "actions": {
        "Initialize_variable_for_Timezone_Code": {
          "runAfter": {},
          "type": "InitializeVariable",
          "inputs": {
            "variables": [
              {
                "name": "Time Zone Code",
                "type": "string"
              }
            ]
          }
        },
        "Initialize_variable_for_Timezone_Standard_Name": {
          "runAfter": {
            "Initialize_variable_for_Timezone_Code": [
              "Succeeded"
            ]
          },
          "type": "InitializeVariable",
          "inputs": {
            "variables": [
              {
                "name": "Time Zone Standard Name",
                "type": "string"
              }
            ]
          }
        },
        "Initialize_variable_for_Local_Date": {
          "runAfter": {
            "Initialize_variable_for_Timezone_Standard_Name": [
              "Succeeded"
            ]
          },
          "type": "InitializeVariable",
          "inputs": {
            "variables": [
              {
                "name": "Local Date",
                "type": "string"
              }
            ]
          }
        },
        "Get_Time_Zone_Name_using_TIme_Zone_Code": {
          "runAfter": {
            "Initialize_variable_for_Local_Date": [
              "Succeeded"
            ]
          },
          "type": "OpenApiConnection",
          "inputs": {
            "host": {
              "connectionName": "shared_commondataserviceforapps",
              "operationId": "ListRecords",
              "apiId": "/providers/Microsoft.PowerApps/apis/shared_commondataserviceforapps"
            },
            "parameters": {
              "entityName": "timezonedefinitions",
              "$filter": "timezonecode eq @{triggerOutputs()?['body/utcoffset']}"
            },
            "authentication": "@parameters('$authentication')"
          }
        },
        "Apply_to_each_": {
          "foreach": "@outputs('Get_Time_Zone_Name_using_TIme_Zone_Code')?['body/value']",
          "actions": {
            "Set_Standard_Name": {
              "runAfter": {},
              "type": "SetVariable",
              "inputs": {
                "name": "Time Zone Standard Name",
                "value": "@items('Apply_to_each_')?['standardname']"
              }
            },
            "Convert_time_zone": {
              "runAfter": {
                "Set_Standard_Name": [
                  "Succeeded"
                ]
              },
              "type": "Expression",
              "kind": "ConvertTimeZone",
              "inputs": {
                "baseTime": "@{utcNow()}",
                "formatString": "o",
                "sourceTimeZone": "UTC",
                "destinationTimeZone": "@variables('Time Zone Standard Name')"
              }
            },
            "Set_variable_Local_Date": {
              "runAfter": {
                "Convert_time_zone": [
                  "Succeeded"
                ]
              },
              "type": "SetVariable",
              "inputs": {
                "name": "Local Date",
                "value": "@body('Convert_time_zone')"
              }
            }
          },
          "runAfter": {
            "Get_Time_Zone_Name_using_TIme_Zone_Code": [
              "Succeeded"
            ]
          },
          "type": "Foreach"
        },
        "Initialize_variable_for_Time_difference": {
          "runAfter": {
            "Apply_to_each_": [
              "Succeeded"
            ]
          },
          "type": "InitializeVariable",
          "inputs": {
            "variables": [
              {
                "name": "TimeDiff",
                "type": "integer",
                "value": "@div(div(mul(sub(ticks(variables('Local Date')),ticks(utcnow())),100),1000000000),60)"
              }
            ]
          }
        },
        "Update_BU_Record": {
          "runAfter": {
            "If_Time_Difference_is_Positive_": [
              "Succeeded"
            ]
          },
          "type": "OpenApiConnection",
          "inputs": {
            "host": {
              "connectionName": "shared_commondataserviceforapps",
              "operationId": "UpdateRecord",
              "apiId": "/providers/Microsoft.PowerApps/apis/shared_commondataserviceforapps"
            },
            "parameters": {
              "entityName": "businessunits",
              "recordId": "@triggerOutputs()?['body/businessunitid']",
              "item/dt_offsetminutes": "@variables('TimeDiff')"
            },
            "authentication": "@parameters('$authentication')"
          }
        },
        "If_Time_Difference_is_Positive_": {
          "actions": {
            "Increment_variable_Time_Difference_by_1": {
              "runAfter": {},
              "type": "IncrementVariable",
              "inputs": {
                "name": "TimeDiff",
                "value": 1
              }
            }
          },
          "runAfter": {
            "Initialize_variable_for_Time_difference": [
              "Succeeded"
            ]
          },
          "expression": {
            "greater": [
              "@variables('TimeDiff')",
              0
            ]
          },
          "type": "If"
        }
      },
      "outputs": {}
    },
    "templateName": null
  },
  "schemaVersion": "1.0.0.0"
}