{
  "properties": {
    "connectionReferences": {
      "shared_commondataserviceforapps_1": {
        "runtimeSource": "embedded",
        "connection": {},
        "api": {
          "name": "shared_commondataserviceforapps"
        }
      },
      "shared_office365_1": {
        "runtimeSource": "embedded",
        "connection": {},
        "api": {
          "name": "shared_office365"
        }
      }
    },
    "definition": {
      "$schema": "https://schema.management.azure.com/providers/Microsoft.Logic/schemas/2016-06-01/workflowdefinition.json#",
      "contentVersion": "1.0.0.0",
      "parameters": {
        "$connections": {
          "defaultValue": {},
          "type": "Object"
        },
        "$authentication": {
          "defaultValue": {},
          "type": "SecureObject"
        }
      },
      "triggers": {
        "When_Distribute_request_record_is_created": {
          "type": "OpenApiConnectionWebhook",
          "inputs": {
            "host": {
              "connectionName": "shared_commondataserviceforapps_1",
              "operationId": "SubscribeWebhookTrigger",
              "apiId": "/providers/Microsoft.PowerApps/apis/shared_commondataserviceforapps"
            },
            "parameters": {
              "subscriptionRequest/message": 1,
              "subscriptionRequest/entityname": "dt_distributerequest",
              "subscriptionRequest/scope": 4
            },
            "authentication": "@parameters('$authentication')"
          }
        }
      },
      "actions": {
        "Parse_Tier_Id's": {
          "runAfter": {
            "Initialize_variable_UniqueEmail": [
              "Succeeded"
            ]
          },
          "type": "ParseJson",
          "inputs": {
            "content": "@variables('TierIdsArray')",
            "schema": {
              "type": "array",
              "items": {
                "type": "string"
              }
            }
          }
        },
        "Initialize_variable_TierIDList": {
          "runAfter": {},
          "type": "InitializeVariable",
          "inputs": {
            "variables": [
              {
                "name": "TierIDList",
                "type": "string",
                "value": "@triggerOutputs()?['body/dt_distributedtotiersid']"
              }
            ]
          }
        },
        "Initialize_variable_TierIds": {
          "runAfter": {
            "Initialize_variable_LengthofTierIDList": [
              "Succeeded"
            ]
          },
          "type": "InitializeVariable",
          "inputs": {
            "variables": [
              {
                "name": "TierIds",
                "type": "string",
                "value": "@{substring(variables('FinalTierIds'),1,sub(variables('LengthofTierIDList'),1))}"
              }
            ]
          }
        },
        "Initialize_TierIdsArray": {
          "runAfter": {
            "Initialize_variable_TierIds": [
              "Succeeded"
            ]
          },
          "type": "InitializeVariable",
          "inputs": {
            "variables": [
              {
                "name": "TierIdsArray",
                "type": "array",
                "value": "@split(variables('TierIds'), ',')"
              }
            ]
          }
        },
        "Initialize_variable_LengthofTierIDList": {
          "runAfter": {
            "Initialize_variable_FinalTierIds": [
              "Succeeded"
            ]
          },
          "type": "InitializeVariable",
          "inputs": {
            "variables": [
              {
                "name": "LengthofTierIDList",
                "type": "integer",
                "value": "@length(variables('FinalTierIds'))"
              }
            ]
          }
        },
        "Initialize_variable_FinalTierIds": {
          "runAfter": {
            "Initialize_variable_TierIDList": [
              "Succeeded"
            ]
          },
          "type": "InitializeVariable",
          "inputs": {
            "variables": [
              {
                "name": "FinalTierIds",
                "type": "string",
                "value": "@{replace(variables('TierIDList'),' ','')}"
              }
            ]
          }
        },
        "Loop_Through_Tier_ID's": {
          "foreach": "@body('Parse_Tier_Id''s')",
          "actions": {
            "Get_Team": {
              "runAfter": {},
              "type": "OpenApiConnection",
              "inputs": {
                "host": {
                  "connectionName": "shared_commondataserviceforapps_1",
                  "operationId": "GetItem",
                  "apiId": "/providers/Microsoft.PowerApps/apis/shared_commondataserviceforapps"
                },
                "parameters": {
                  "entityName": "teams",
                  "recordId": "@items('Loop_Through_Tier_ID''s')"
                },
                "authentication": "@parameters('$authentication')"
              }
            },
            "Create_New_Distributed_Issue": {
              "runAfter": {
                "Get_Team": [
                  "Succeeded"
                ]
              },
              "type": "OpenApiConnection",
              "inputs": {
                "host": {
                  "connectionName": "shared_commondataserviceforapps_1",
                  "operationId": "CreateRecord",
                  "apiId": "/providers/Microsoft.PowerApps/apis/shared_commondataserviceforapps"
                },
                "parameters": {
                  "entityName": "dt_tierissues",
                  "item/dt_name": "@outputs('Get_Issue')?['body/dt_name']",
                  "item/dt_opt_category": "@outputs('Get_Issue')?['body/dt_opt_category']",
                  "item/dt_date_duedate": "@outputs('Get_Issue')?['body/dt_date_duedate']",
                  "item/dt_date_revisitdate": "@outputs('Get_Issue')?['body/dt_date_revisitdate']",
                  "item/statuscode": "@outputs('Get_Issue')?['body/statuscode']",
                  "item/dt_lk_Tier@odata.bind": "teams(@{outputs('Get_Team')?['body/teamid']})",
                  "item/dt_classification": "@outputs('Get_Issue')?['body/dt_classification']",
                  "item/dt_mtxt_description": "@outputs('Get_Issue')?['body/dt_mtxt_description']",
                  "item/dt_distributingissue@odata.bind": "dt_tierissues(@{triggerOutputs()?['body/_dt_issue_value']})",
                  "item/dt_impact": "@outputs('Get_Issue')?['body/dt_impact']",
                  "item/dt_isdistributed": true,
                  "item/dt_isrepeatissue": "@outputs('Get_Issue')?['body/dt_isrepeatissue']",
                  "item/dt_localduedate": "@outputs('Get_Issue')?['body/dt_localduedate']",
                  "item/ownerid@odata.bind": "teams(@{outputs('Get_Team')?['body/teamid']})",
                  "item/dt_priority": "@outputs('Get_Issue')?['body/dt_priority']"
                },
                "authentication": "@parameters('$authentication')"
              }
            },
            "List_records": {
              "runAfter": {
                "Create_New_Distributed_Issue": [
                  "Succeeded"
                ]
              },
              "type": "OpenApiConnection",
              "inputs": {
                "host": {
                  "connectionName": "shared_commondataserviceforapps_1",
                  "operationId": "ListRecords",
                  "apiId": "/providers/Microsoft.PowerApps/apis/shared_commondataserviceforapps"
                },
                "parameters": {
                  "entityName": "dt_tierteammembers",
                  "$filter": "_dt_lk_tier_value eq '@{outputs('Get_Team')?['body/teamid']}' and statecode eq 0 and dt_bit_tierleader eq true"
                },
                "authentication": "@parameters('$authentication')"
              }
            },
            "Apply_to_each": {
              "foreach": "@outputs('List_records')?['body/value']",
              "actions": {
                "Get_a_record": {
                  "runAfter": {},
                  "type": "OpenApiConnection",
                  "inputs": {
                    "host": {
                      "connectionName": "shared_commondataserviceforapps_1",
                      "operationId": "GetItem",
                      "apiId": "/providers/Microsoft.PowerApps/apis/shared_commondataserviceforapps"
                    },
                    "parameters": {
                      "entityName": "systemusers",
                      "recordId": "@items('Apply_to_each')?['_dt_lk_member_value']",
                      "$select": "internalemailaddress"
                    },
                    "authentication": "@parameters('$authentication')"
                  }
                },
                "Append_to_array_variable_UniqueEmail": {
                  "runAfter": {
                    "Get_a_record": [
                      "Succeeded"
                    ]
                  },
                  "type": "AppendToArrayVariable",
                  "inputs": {
                    "name": "UniqueEmail",
                    "value": "@outputs('Get_a_record')?['body/internalemailaddress']"
                  }
                }
              },
              "runAfter": {
                "List_records": [
                  "Succeeded"
                ]
              },
              "type": "Foreach"
            }
          },
          "runAfter": {
            "Get_Issue": [
              "Succeeded"
            ]
          },
          "type": "Foreach"
        },
        "Get_Issue": {
          "runAfter": {
            "Parse_Tier_Id's": [
              "Succeeded"
            ]
          },
          "type": "OpenApiConnection",
          "inputs": {
            "host": {
              "connectionName": "shared_commondataserviceforapps_1",
              "operationId": "GetItem",
              "apiId": "/providers/Microsoft.PowerApps/apis/shared_commondataserviceforapps"
            },
            "parameters": {
              "entityName": "dt_tierissues",
              "recordId": "@triggerOutputs()?['body/_dt_issue_value']"
            },
            "authentication": "@parameters('$authentication')"
          }
        },
        "Apply_to_each_2": {
          "foreach": "@body('Parse_Unique_Emails')",
          "actions": {
            "Send_an_email_(V2)": {
              "runAfter": {},
              "type": "OpenApiConnection",
              "inputs": {
                "host": {
                  "connectionName": "shared_office365_1",
                  "operationId": "SendEmailV2",
                  "apiId": "/providers/Microsoft.PowerApps/apis/shared_office365"
                },
                "parameters": {
                  "emailMessage/To": "@items('Apply_to_each_2')",
                  "emailMessage/Subject": "@{outputs('Get_Issue')?['body/dt_name']} - Distributed for review",
                  "emailMessage/Body": "<p>Issue : @{outputs('Get_Issue')?['body/dt_name']}<br>\nDescription : &nbsp;@{outputs('Get_Issue')?['body/dt_mtxt_description']}<br>\nDistributed by :@{outputs('Get_Issue')?['body/_dt_lk_tier_value@OData.Community.Display.V1.FormattedValue']}<br>\nCategory : @{outputs('Get_Issue')?['body/dt_opt_category@OData.Community.Display.V1.FormattedValue']}<br>\n<br>\nAn Issue \"@{outputs('Get_Issue')?['body/dt_name']}\" has been distributed for your review. It will appear in your issue list under \"@{outputs('Get_Issue')?['body/dt_opt_category@OData.Community.Display.V1.FormattedValue']}\" category</p>",
                  "emailMessage/From": "digitiernotify@merck.com"
                },
                "authentication": "@parameters('$authentication')"
              }
            }
          },
          "runAfter": {
            "Parse_Unique_Emails": [
              "Succeeded"
            ]
          },
          "type": "Foreach"
        },
        "Initialize_variable_UniqueEmail": {
          "runAfter": {
            "Initialize_TierIdsArray": [
              "Succeeded"
            ]
          },
          "type": "InitializeVariable",
          "inputs": {
            "variables": [
              {
                "name": "UniqueEmail",
                "type": "array"
              }
            ]
          }
        },
        "Get_Unique_Email_Out_of_UniqueEmail": {
          "runAfter": {
            "Loop_Through_Tier_ID's": [
              "Succeeded"
            ]
          },
          "type": "Compose",
          "inputs": "@union(variables('UniqueEmail'),variables('UniqueEmail'))"
        },
        "Parse_Unique_Emails": {
          "runAfter": {
            "Get_Unique_Email_Out_of_UniqueEmail": [
              "Succeeded"
            ]
          },
          "type": "ParseJson",
          "inputs": {
            "content": "@outputs('Get_Unique_Email_Out_of_UniqueEmail')",
            "schema": {
              "type": "array",
              "items": {
                "type": "string"
              }
            }
          }
        }
      },
      "outputs": {}
    },
    "templateName": null
  },
  "schemaVersion": "1.0.0.0"
}