{
  "properties": {
    "connectionReferences": {
      "shared_commondataserviceforapps_1": {
        "runtimeSource": "embedded",
        "connection": {},
        "api": {
          "name": "shared_commondataserviceforapps"
        }
      }
    },
    "definition": {
      "$schema": "https://schema.management.azure.com/providers/Microsoft.Logic/schemas/2016-06-01/workflowdefinition.json#",
      "contentVersion": "1.0.0.0",
      "parameters": {
        "$connections": {
          "defaultValue": {},
          "type": "Object"
        },
        "$authentication": {
          "defaultValue": {},
          "type": "SecureObject"
        }
      },
      "triggers": {
        "When_a_Team_record_is_created_or_updated": {
          "type": "OpenApiConnectionWebhook",
          "inputs": {
            "host": {
              "connectionName": "shared_commondataserviceforapps_1",
              "operationId": "SubscribeWebhookTrigger",
              "apiId": "/providers/Microsoft.PowerApps/apis/shared_commondataserviceforapps"
            },
            "parameters": {
              "subscriptionRequest/message": 4,
              "subscriptionRequest/entityname": "team",
              "subscriptionRequest/scope": 4,
              "subscriptionRequest/filteringattributes": "dt_bit_istierteam"
            },
            "authentication": "@parameters('$authentication')"
          }
        }
      },
      "actions": {
        "Get_respective_URL_from_Configuration_entity": {
          "runAfter": {
            "Static_Variable_for_Config_Key": [
              "Succeeded"
            ]
          },
          "type": "OpenApiConnection",
          "inputs": {
            "host": {
              "connectionName": "shared_commondataserviceforapps_1",
              "operationId": "ListRecords",
              "apiId": "/providers/Microsoft.PowerApps/apis/shared_commondataserviceforapps"
            },
            "parameters": {
              "entityName": "dt_configurations",
              "$select": "dt_value",
              "$filter": "dt_name eq '@{variables('Config Key Name')}'",
              "$top": 1
            },
            "authentication": "@parameters('$authentication')"
          }
        },
        "Retrieve_DT_Tier_Member_Security_Role_for_Current_BU": {
          "runAfter": {
            "Static_Variable_for_Security_Role": [
              "Succeeded"
            ]
          },
          "type": "OpenApiConnection",
          "inputs": {
            "host": {
              "connectionName": "shared_commondataserviceforapps_1",
              "operationId": "ListRecords",
              "apiId": "/providers/Microsoft.PowerApps/apis/shared_commondataserviceforapps"
            },
            "parameters": {
              "entityName": "roles",
              "$select": "roleid",
              "$filter": "name eq '@{variables('Security Role Name')}' and _businessunitid_value eq @{triggerOutputs()?['body/_businessunitid_value']}",
              "$top": 1
            },
            "authentication": "@parameters('$authentication')"
          }
        },
        "Static_Variable_for_Security_Role": {
          "runAfter": {
            "Get_respective_URL_from_Configuration_entity": [
              "Succeeded"
            ]
          },
          "type": "InitializeVariable",
          "inputs": {
            "variables": [
              {
                "name": "Security Role Name",
                "type": "string",
                "value": "DT Tier Member"
              }
            ]
          }
        },
        "Static_Variable_for_Config_Key": {
          "runAfter": {},
          "type": "InitializeVariable",
          "inputs": {
            "variables": [
              {
                "name": "Config Key Name",
                "type": "string",
                "value": "securityroleapi"
              }
            ]
          }
        },
        "Check_Is_Tier_Team_Condition": {
          "actions": {
            "Get_Current_Configuration_Record": {
              "foreach": "@outputs('Get_respective_URL_from_Configuration_entity')?['body/value']",
              "actions": {
                "Get_Current_Security_Role_Record": {
                  "foreach": "@outputs('Retrieve_DT_Tier_Member_Security_Role_for_Current_BU')?['body/value']",
                  "actions": {
                    "Assign_Security_Role": {
                      "runAfter": {},
                      "type": "OpenApiConnection",
                      "inputs": {
                        "host": {
                          "connectionName": "shared_commondataserviceforapps_1",
                          "operationId": "AssociateEntities",
                          "apiId": "/providers/Microsoft.PowerApps/apis/shared_commondataserviceforapps"
                        },
                        "parameters": {
                          "entityName": "teams",
                          "recordId": "@triggerOutputs()?['body/teamid']",
                          "associationEntityRelationship": "teamroles_association",
                          "item/@odata.id": "@{items('Get_Current_Configuration_Record')?['dt_value']}(@{items('Get_Current_Security_Role_Record')?['roleid']})"
                        },
                        "authentication": "@parameters('$authentication')"
                      }
                    }
                  },
                  "runAfter": {},
                  "type": "Foreach"
                }
              },
              "runAfter": {},
              "type": "Foreach"
            }
          },
          "runAfter": {
            "Retrieve_DT_Tier_Member_Security_Role_for_Current_BU": [
              "Succeeded"
            ]
          },
          "else": {
            "actions": {
              "Get_Current_Configuration_Record_2": {
                "foreach": "@outputs('Get_respective_URL_from_Configuration_entity')?['body/value']",
                "actions": {
                  "Get_Current_Security_Role_Record_2": {
                    "foreach": "@outputs('Retrieve_DT_Tier_Member_Security_Role_for_Current_BU')?['body/value']",
                    "actions": {
                      "Remove_Security_Role": {
                        "runAfter": {},
                        "type": "OpenApiConnection",
                        "inputs": {
                          "host": {
                            "connectionName": "shared_commondataserviceforapps_1",
                            "operationId": "DisassociateEntities",
                            "apiId": "/providers/Microsoft.PowerApps/apis/shared_commondataserviceforapps"
                          },
                          "parameters": {
                            "entityName": "teams",
                            "recordId": "@triggerOutputs()?['body/teamid']",
                            "associationEntityRelationship": "teamroles_association",
                            "$id": "@{items('Get_Current_Configuration_Record_2')?['dt_value']}(@{items('Get_Current_Security_Role_Record_2')?['roleid']})"
                          },
                          "authentication": "@parameters('$authentication')"
                        }
                      }
                    },
                    "runAfter": {},
                    "type": "Foreach"
                  }
                },
                "runAfter": {},
                "type": "Foreach"
              }
            }
          },
          "expression": {
            "equals": [
              "@triggerOutputs()?['body/dt_bit_istierteam']",
              "@true"
            ]
          },
          "type": "If"
        }
      },
      "outputs": {}
    },
    "templateName": null
  },
  "schemaVersion": "1.0.0.0"
}