{
  "properties": {
    "connectionReferences": {
      "shared_commondataserviceforapps_1": {
        "runtimeSource": "embedded",
        "connection": {
          "connectionReferenceLogicalName": "new_sharedcommondataserviceforapps_10915"
        },
        "api": {
          "name": "shared_commondataserviceforapps"
        }
      }
    },
    "definition": {
      "$schema": "https://schema.management.azure.com/providers/Microsoft.Logic/schemas/2016-06-01/workflowdefinition.json#",
      "contentVersion": "1.0.0.0",
      "parameters": {
        "$connections": {
          "defaultValue": {},
          "type": "Object"
        },
        "$authentication": {
          "defaultValue": {},
          "type": "SecureObject"
        }
      },
      "triggers": {
        "On_Update_Of_Team_Name": {
          "metadata": {
            "operationMetadataId": "074305d3-0bb1-480f-a011-017e5715954c"
          },
          "type": "OpenApiConnectionWebhook",
          "inputs": {
            "host": {
              "connectionName": "shared_commondataserviceforapps_1",
              "operationId": "SubscribeWebhookTrigger",
              "apiId": "/providers/Microsoft.PowerApps/apis/shared_commondataserviceforapps"
            },
            "parameters": {
              "subscriptionRequest/message": 3,
              "subscriptionRequest/entityname": "team",
              "subscriptionRequest/scope": 4,
              "subscriptionRequest/filteringattributes": "name"
            },
            "authentication": "@parameters('$authentication')"
          }
        }
      },
      "actions": {
        "List_Of_Tier_Team_Members_associated_with_Updated_Team": {
          "runAfter": {},
          "metadata": {
            "operationMetadataId": "04c82e42-a013-46db-bb6d-eb519c753ac7"
          },
          "type": "OpenApiConnection",
          "inputs": {
            "host": {
              "connectionName": "shared_commondataserviceforapps_1",
              "operationId": "ListRecords",
              "apiId": "/providers/Microsoft.PowerApps/apis/shared_commondataserviceforapps"
            },
            "parameters": {
              "entityName": "dt_tierteammembers",
              "$filter": "_dt_lk_tier_value eq '@{triggerOutputs()?['body/teamid']}'"
            },
            "authentication": "@parameters('$authentication')"
          }
        },
        "Apply_to_each": {
          "foreach": "@outputs('List_Of_Tier_Team_Members_associated_with_Updated_Team')?['body/value']",
          "actions": {
            "Update_Tier_Team_Member_Name": {
              "runAfter": {},
              "metadata": {
                "operationMetadataId": "e0df03ef-cbff-4396-9712-04557b074b5a"
              },
              "type": "OpenApiConnection",
              "inputs": {
                "host": {
                  "connectionName": "shared_commondataserviceforapps_1",
                  "operationId": "UpdateRecord",
                  "apiId": "/providers/Microsoft.PowerApps/apis/shared_commondataserviceforapps"
                },
                "parameters": {
                  "entityName": "dt_tierteammembers",
                  "recordId": "@items('Apply_to_each')?['dt_tierteammemberid']",
                  "item/dt_name": "@triggerOutputs()?['body/name']"
                },
                "authentication": "@parameters('$authentication')"
              }
            }
          },
          "runAfter": {
            "List_Of_Tier_Team_Members_associated_with_Updated_Team": [
              "Succeeded"
            ]
          },
          "metadata": {
            "operationMetadataId": "5a3557ec-b639-4bce-8721-17fcff301cbd"
          },
          "type": "Foreach"
        }
      },
      "outputs": {}
    },
    "templateName": null
  },
  "schemaVersion": "1.0.0.0"
}