{
  "properties": {
    "connectionReferences": {
      "shared_powerplatformforadmins": {
        "runtimeSource": "embedded",
        "connection": {},
        "api": {
          "name": "shared_powerplatformforadmins"
        }
      },
      "shared_flowmanagement": {
        "runtimeSource": "embedded",
        "connection": {},
        "api": {
          "name": "shared_flowmanagement"
        }
      },
      "shared_office365": {
        "runtimeSource": "embedded",
        "connection": {},
        "api": {
          "name": "shared_office365"
        }
      },
      "shared_commondataserviceforapps": {
        "runtimeSource": "embedded",
        "connection": {},
        "api": {
          "name": "shared_commondataserviceforapps"
        }
      }
    },
    "definition": {
      "$schema": "https://schema.management.azure.com/providers/Microsoft.Logic/schemas/2016-06-01/workflowdefinition.json#",
      "contentVersion": "1.0.0.0",
      "parameters": {
        "$connections": {
          "defaultValue": {},
          "type": "Object"
        },
        "$authentication": {
          "defaultValue": {},
          "type": "SecureObject"
        }
      },
      "triggers": {
        "Recurrence": {
          "recurrence": {
            "frequency": "Day",
            "interval": 1,
            "timeZone": "India Standard Time",
            "startTime": "2021-02-07T04:30:00Z",
            "schedule": {
              "hours": [
                "0"
              ]
            }
          },
          "type": "Recurrence"
        }
      },
      "actions": {
        "List_Environments_as_Admin": {
          "runAfter": {
            "Looping_through_Configuration_Result": [
              "Succeeded"
            ]
          },
          "type": "OpenApiConnection",
          "inputs": {
            "host": {
              "connectionName": "shared_powerplatformforadmins",
              "operationId": "Get-AdminEnvironment",
              "apiId": "/providers/Microsoft.PowerApps/apis/shared_powerplatformforadmins"
            },
            "parameters": {
              "api-version": "2018-10-01"
            },
            "authentication": "@parameters('$authentication')"
          },
          "runtimeConfiguration": {
            "paginationPolicy": {
              "minimumItemCount": 20000
            }
          }
        },
        "Loop_Environments": {
          "foreach": "@outputs('List_Environments_as_Admin')?['body/value']",
          "actions": {
            "Set_Environment_Type": {
              "runAfter": {},
              "type": "SetVariable",
              "inputs": {
                "name": "EnvironmentType",
                "value": "@{items('Loop_Environments')?['properties/environmentSku']},"
              }
            },
            "Check_for_Current_Environment": {
              "actions": {
                "Set_CDS_Environment_Name": {
                  "runAfter": {},
                  "type": "SetVariable",
                  "inputs": {
                    "name": "CDSEnvironmentName",
                    "value": "@items('Loop_Environments')?['properties/displayName']"
                  }
                },
                "List_Flows_as_Admin": {
                  "runAfter": {
                    "Set_CDS_Environment_Name": [
                      "Succeeded"
                    ]
                  },
                  "type": "OpenApiConnection",
                  "inputs": {
                    "host": {
                      "connectionName": "shared_flowmanagement",
                      "operationId": "ListFlowsInEnvironment",
                      "apiId": "/providers/Microsoft.PowerApps/apis/shared_flowmanagement"
                    },
                    "parameters": {
                      "environmentName": "@items('Loop_Environments')?['name']"
                    },
                    "authentication": "@parameters('$authentication')"
                  },
                  "runtimeConfiguration": {
                    "paginationPolicy": {
                      "minimumItemCount": 20000
                    }
                  }
                },
                "Loop_Flows": {
                  "foreach": "@outputs('List_Flows_as_Admin')?['body/value']",
                  "actions": {
                    "Set_Flow_State": {
                      "runAfter": {},
                      "type": "SetVariable",
                      "inputs": {
                        "name": "FlowState",
                        "value": "@items('Loop_Flows')?['properties/state']"
                      }
                    },
                    "Condition": {
                      "actions": {
                        "Set_Flow_Name": {
                          "runAfter": {},
                          "type": "SetVariable",
                          "inputs": {
                            "name": "FlowName",
                            "value": "@items('Loop_Flows')?['name']"
                          }
                        },
                        "Append_to_array_variable": {
                          "runAfter": {
                            "Set_Flow_Name": [
                              "Succeeded"
                            ]
                          },
                          "type": "AppendToArrayVariable",
                          "inputs": {
                            "name": "Flow List",
                            "value": {
                              "Flow Name": "@{items('Loop_Flows')?['properties/displayName']}",
                              "Modified On": "@{items('Loop_Flows')?['properties/lastModifiedTime']}"
                            }
                          }
                        }
                      },
                      "runAfter": {
                        "Set_Flow_State": [
                          "Succeeded"
                        ]
                      },
                      "expression": {
                        "equals": [
                          "@variables('FlowState')",
                          "Stopped"
                        ]
                      },
                      "type": "If"
                    }
                  },
                  "runAfter": {
                    "List_Flows_as_Admin": [
                      "Succeeded"
                    ]
                  },
                  "type": "Foreach"
                },
                "Flow_List_is_More_than_0": {
                  "actions": {
                    "Create_HTML_table": {
                      "runAfter": {},
                      "type": "Table",
                      "inputs": {
                        "from": "@variables('Flow List')",
                        "format": "HTML"
                      }
                    },
                    "Send_an_email_(V2)_2": {
                      "runAfter": {
                        "Create_HTML_table": [
                          "Succeeded"
                        ]
                      },
                      "type": "OpenApiConnection",
                      "inputs": {
                        "host": {
                          "connectionName": "shared_office365",
                          "operationId": "SendEmailV2",
                          "apiId": "/providers/Microsoft.PowerApps/apis/shared_office365"
                        },
                        "parameters": {
                          "emailMessage/To": "@variables('RecipientList')",
                          "emailMessage/Subject": "DigiTier - Flow Status Notification - @{variables('CDSEnvironmentName')}",
                          "emailMessage/Body": "<p>Hi,<br>\n<br>\nFollowing flows are not in Running state in '@{variables('CDSEnvironmentName')}' &nbsp;environment. Please check and take appropriate action.<br>\n<br>\n@{body('Create_HTML_table')}</p>",
                          "emailMessage/From": "digitiernotify@merck.com"
                        },
                        "authentication": "@parameters('$authentication')"
                      }
                    }
                  },
                  "runAfter": {
                    "Loop_Flows": [
                      "Succeeded"
                    ]
                  },
                  "expression": {
                    "greater": [
                      "@length(variables('Flow List'))",
                      0
                    ]
                  },
                  "type": "If"
                },
                "Set_variable": {
                  "runAfter": {
                    "Flow_List_is_More_than_0": [
                      "Succeeded"
                    ]
                  },
                  "type": "SetVariable",
                  "inputs": {
                    "name": "Flow List",
                    "value": "@variables('EmptyArray')"
                  }
                }
              },
              "runAfter": {
                "Set_Environment_Type": [
                  "Succeeded"
                ]
              },
              "expression": {
                "equals": [
                  "@items('Loop_Environments')?['name']",
                  "@variables('CurrentEnvironment')"
                ]
              },
              "type": "If"
            }
          },
          "runAfter": {
            "List_Environments_as_Admin": [
              "Succeeded"
            ]
          },
          "type": "Foreach"
        },
        "Flow_State": {
          "runAfter": {
            "CDS_Environment_Name": [
              "Succeeded"
            ]
          },
          "type": "InitializeVariable",
          "inputs": {
            "variables": [
              {
                "name": "FlowState",
                "type": "string"
              }
            ]
          }
        },
        "CDS_Environment_Name": {
          "runAfter": {
            "Flow_Name": [
              "Succeeded"
            ]
          },
          "type": "InitializeVariable",
          "inputs": {
            "variables": [
              {
                "name": "CDSEnvironmentName",
                "type": "string"
              }
            ]
          }
        },
        "Flow_List": {
          "runAfter": {
            "Flow_State": [
              "Succeeded"
            ]
          },
          "type": "InitializeVariable",
          "inputs": {
            "variables": [
              {
                "name": "Flow List",
                "type": "array"
              }
            ]
          }
        },
        "Flow_Name": {
          "runAfter": {},
          "type": "InitializeVariable",
          "inputs": {
            "variables": [
              {
                "name": "FlowName",
                "type": "string"
              }
            ]
          }
        },
        "Empty_Array": {
          "runAfter": {
            "Flow_List": [
              "Succeeded"
            ]
          },
          "type": "InitializeVariable",
          "inputs": {
            "variables": [
              {
                "name": "EmptyArray",
                "type": "array"
              }
            ]
          }
        },
        "Environment_Type": {
          "runAfter": {
            "Empty_Array": [
              "Succeeded"
            ]
          },
          "type": "InitializeVariable",
          "inputs": {
            "variables": [
              {
                "name": "EnvironmentType",
                "type": "string"
              }
            ]
          }
        },
        "Get_\"Flow_Alert_Email\"_value_from_Configuration_": {
          "runAfter": {
            "Current_Environment": [
              "Succeeded"
            ]
          },
          "type": "OpenApiConnection",
          "inputs": {
            "host": {
              "connectionName": "shared_commondataserviceforapps",
              "operationId": "ListRecords",
              "apiId": "/providers/Microsoft.PowerApps/apis/shared_commondataserviceforapps"
            },
            "parameters": {
              "entityName": "dt_configurations",
              "$select": "dt_value",
              "$filter": "dt_name eq 'flowalertemail'",
              "$top": 1
            },
            "authentication": "@parameters('$authentication')"
          }
        },
        "Looping_through_Configuration_Result": {
          "foreach": "@outputs('Get_\"Flow_Alert_Email\"_value_from_Configuration_')?['body/value']",
          "actions": {
            "Set_Recipient_List": {
              "runAfter": {},
              "type": "SetVariable",
              "inputs": {
                "name": "RecipientList",
                "value": "@items('Looping_through_Configuration_Result')?['dt_value']"
              }
            }
          },
          "runAfter": {
            "Get_\"Flow_Alert_Email\"_value_from_Configuration_": [
              "Succeeded"
            ]
          },
          "type": "Foreach"
        },
        "Recipient_List": {
          "runAfter": {
            "Environment_Type": [
              "Succeeded"
            ]
          },
          "type": "InitializeVariable",
          "inputs": {
            "variables": [
              {
                "name": "RecipientList",
                "type": "string"
              }
            ]
          }
        },
        "Current_Environment": {
          "runAfter": {
            "Recipient_List": [
              "Succeeded"
            ]
          },
          "type": "InitializeVariable",
          "inputs": {
            "variables": [
              {
                "name": "CurrentEnvironment",
                "type": "string",
                "value": "@{workflow()['tags']['environmentName']}"
              }
            ]
          }
        }
      }
    },
    "templateName": null
  },
  "schemaVersion": "1.0.0.0"
}